day,degree
2008/6/25,67.5
2008/6/26,45
2008/6/27,157.5
2008/6/28,180
2008/6/29,157.5
2008/6/30,22.5
2008/7/1,157.5
2008/7/2,180
2008/7/3,180
2008/7/4,180
2008/7/5,157.5
2008/7/6,202.5
2008/7/7,180
2008/7/8,157.5
2008/7/9,157.5
2008/7/10,157.5
2008/7/11,180
2008/7/12,157.5
2008/7/13,157.5
2008/7/14,315
2008/7/15,157.5
2008/7/16,157.5
2008/7/17,157.5
2008/7/18,202.5
2008/7/19,45
2008/7/20,157.5
2008/7/21,157.5
2008/7/22,157.5
2008/7/23,180
2008/7/24,157.5
2008/7/25,157.5
2008/7/26,67.5
2008/7/27,45
2008/7/28,0
2008/7/29,157.5
2008/7/30,67.5
2008/7/31,45
2008/8/1,157.5
2008/8/2,157.5
2008/8/3,157.5
2008/8/4,202.5
2008/8/5,292.5
2008/8/6,157.5
2008/8/7,180
2008/8/8,157.5
2008/8/9,90
2008/8/10,135
2008/8/11,135
2008/8/12,157.5
2008/8/13,180
2008/8/14,225
2008/8/15,157.5
2008/8/16,315
2008/8/17,45
2008/8/18,157.5
2008/8/19,180
2008/8/20,157.5
2008/8/21,45
2008/8/22,67.5
2008/8/23,315
2008/8/24,337.5
2008/8/25,337.5
2008/8/26,337.5
2008/8/27,45
2008/8/28,0
2008/8/29,315
2008/8/30,22.5
2008/8/31,337.5
2008/9/1,157.5
2008/9/2,157.5
2008/9/3,180
2008/9/4,112.5
2008/9/5,157.5
2008/9/6,157.5
2008/9/7,0
2008/9/8,337.5
2008/9/9,0
2008/9/10,67.5
2008/9/11,337.5
2008/9/12,180
2008/9/13,67.5
2008/9/14,135
2008/9/15,45
2008/9/16,157.5
2008/9/17,135
2008/9/18,22.5
2008/9/19,337.5
2008/9/20,337.5
2008/9/21,135
2008/9/22,315
2008/9/23,202.5
2008/9/24,337.5
2008/9/25,202.5
2008/9/26,337.5
2008/9/27,337.5
2008/9/28,337.5
2008/9/29,337.5
2008/9/30,0
2008/10/1,337.5
2008/10/2,67.5
2008/10/3,157.5
2008/10/4,157.5
2008/10/5,337.5
2008/10/6,337.5
2008/10/7,22.5
2008/10/8,337.5
2008/10/9,337.5
2008/10/10,157.5
2008/10/11,337.5
2008/10/12,157.5
2008/10/13,337.5
2008/10/14,315
2008/10/15,337.5
2008/10/16,337.5
2008/10/17,337.5
2008/10/18,337.5
2008/10/19,337.5
2008/10/20,337.5
2008/10/21,157.5
2008/10/22,337.5
2008/10/23,135
2008/10/24,202.5
2008/10/25,112.5
2008/10/26,315
2008/10/27,337.5
2008/10/28,315
2008/10/29,315
2008/10/30,45
2008/10/31,315
2008/11/1,337.5
2008/11/2,315
2008/11/3,315
2008/11/4,315
2008/11/5,315
2008/11/6,315
2008/11/7,337.5
2008/11/8,337.5
2008/11/9,22.5
2008/11/10,22.5
2008/11/11,337.5
2008/11/12,337.5
2008/11/13,337.5
2008/11/14,337.5
2008/11/15,337.5
2008/11/16,337.5
2008/11/17,337.5
2008/11/18,337.5
2008/11/19,247.5
2008/11/20,315
2008/11/21,225
2008/11/22,337.5
2008/11/23,315
2008/11/24,337.5
2008/11/25,337.5
2008/11/26,0
2008/11/27,315
2008/11/28,315
2008/11/29,180
2008/11/30,337.5
2008/12/1,337.5
2008/12/2,337.5
2008/12/3,337.5
2008/12/4,337.5
2008/12/5,180
2008/12/6,337.5
2008/12/7,337.5
2008/12/8,337.5
2008/12/9,337.5
2008/12/10,337.5
2008/12/11,202.5
2008/12/12,337.5
2008/12/13,22.5
2008/12/14,22.5
2008/12/15,22.5
2008/12/16,337.5
2008/12/17,337.5
2008/12/18,315
2008/12/19,337.5
2008/12/20,337.5
2008/12/21,180
2008/12/22,202.5
2008/12/23,337.5
2008/12/24,337.5
2008/12/25,315
2008/12/26,315
2008/12/27,337.5
2008/12/28,315
2008/12/29,315
2008/12/30,315
2008/12/31,315
2009/1/1,315
2009/1/2,315
2009/1/3,315
2009/1/4,315
2009/1/5,337.5
2009/1/6,337.5
2009/1/7,337.5
2009/1/8,45
2009/1/9,337.5
2009/1/10,337.5
2009/1/11,337.5
2009/1/12,337.5
2009/1/13,337.5
2009/1/14,315
2009/1/15,337.5
2009/1/16,157.5
2009/1/17,315
2009/1/18,337.5
2009/1/19,337.5
2009/1/20,337.5
2009/1/21,337.5
2009/1/22,337.5
2009/1/23,315
2009/1/24,337.5
2009/1/25,270
2009/1/26,292.5
2009/1/27,315
2009/1/28,337.5
2009/1/29,337.5
2009/1/30,337.5
2009/1/31,22.5
2009/2/1,315
2009/2/2,337.5
2009/2/3,315
2009/2/4,45
2009/2/5,45
2009/2/6,337.5
2009/2/7,0
2009/2/8,337.5
2009/2/9,337.5
2009/2/10,337.5
2009/2/11,0
2009/2/12,337.5
2009/2/13,202.5
2009/2/14,337.5
2009/2/15,135
2009/2/16,337.5
2009/2/17,337.5
2009/2/18,337.5
2009/2/19,337.5
2009/2/20,315
2009/2/21,337.5
2009/2/22,292.5
2009/2/23,0
2009/2/24,22.5
2009/2/25,337.5
2009/2/26,67.5
2009/2/27,22.5
2009/2/28,67.5
2009/3/1,22.5
2009/3/2,337.5
2009/3/3,22.5
2009/3/4,337.5
2009/3/5,135
2009/3/6,337.5
2009/3/7,337.5
2009/3/8,337.5
2009/3/9,315
2009/3/10,337.5
2009/3/11,337.5
2009/3/12,315
2009/3/13,180
2009/3/14,337.5
2009/3/15,315
2009/3/16,315
2009/3/17,202.5
2009/3/18,180
2009/3/19,202.5
2009/3/20,337.5
2009/3/21,180
2009/3/22,180
2009/3/23,337.5
2009/3/24,135
2009/3/25,337.5
2009/3/26,337.5
2009/3/27,337.5
2009/3/28,337.5
2009/3/29,337.5
2009/3/30,22.5
2009/3/31,202.5
2009/4/1,0
2009/4/2,337.5
2009/4/3,337.5
2009/4/4,180
2009/4/5,337.5
2009/4/6,337.5
2009/4/7,157.5
2009/4/8,157.5
2009/4/9,202.5
2009/4/10,180
2009/4/11,67.5
2009/4/12,22.5
2009/4/13,180
2009/4/14,202.5
2009/4/15,315
2009/4/16,337.5
2009/4/17,45
2009/4/18,202.5
2009/4/19,22.5
2009/4/20,135
2009/4/21,157.5
2009/4/22,315
2009/4/23,315
2009/4/24,135
2009/4/25,337.5
2009/4/26,315
2009/4/27,337.5
2009/4/28,157.5
2009/4/29,180
2009/4/30,180
2009/5/1,180
2009/5/2,180
2009/5/3,180
2009/5/4,180
2009/5/5,45
2009/5/6,22.5
2009/5/7,337.5
2009/5/8,337.5
2009/5/9,180
2009/5/10,157.5
2009/5/11,157.5
2009/5/12,180
2009/5/13,337.5
2009/5/14,337.5
2009/5/15,157.5
2009/5/16,180
2009/5/17,180
2009/5/18,157.5
2009/5/19,180
2009/5/20,157.5
2009/5/21,180
2009/5/22,180
2009/5/23,112.5
2009/5/24,337.5
2009/5/25,22.5
2009/5/26,157.5
2009/5/27,135
2009/5/28,22.5
2009/5/29,22.5
2009/5/30,337.5
2009/5/31,157.5
2009/6/1,157.5
2009/6/2,180
2009/6/3,180
2009/6/4,157.5
2009/6/5,45
2009/6/6,337.5
2009/6/7,22.5
2009/6/8,90
2009/6/9,180
2009/6/10,180
2009/6/11,180
2009/6/12,157.5
2009/6/13,135
2009/6/14,45
2009/6/15,67.5
2009/6/16,45
2009/6/17,157.5
2009/6/18,157.5
2009/6/19,135
2009/6/20,157.5
2009/6/21,315
2009/6/22,180
2009/6/23,157.5
2009/6/24,180
2009/6/25,157.5
2009/6/26,180
2009/6/27,180
2009/6/28,337.5
2009/6/29,157.5
2009/6/30,157.5
2009/7/1,45
2009/7/2,67.5
2009/7/3,157.5
2009/7/4,180
2009/7/5,180
2009/7/6,202.5
2009/7/7,202.5
2009/7/8,202.5
2009/7/9,202.5
2009/7/10,202.5
2009/7/11,90
2009/7/12,202.5
2009/7/13,202.5
2009/7/14,157.5
2009/7/15,202.5
2009/7/16,135
2009/7/17,202.5
2009/7/18,157.5
2009/7/19,202.5
2009/7/20,135
2009/7/21,45
2009/7/22,202.5
2009/7/23,157.5
2009/7/24,180
2009/7/25,202.5
2009/7/26,202.5
2009/7/27,180
2009/7/28,180
2009/7/29,180
2009/7/30,157.5
2009/7/31,67.5
2009/8/1,67.5
2009/8/2,22.5
2009/8/3,67.5
2009/8/4,45
2009/8/5,157.5
2009/8/6,157.5
2009/8/7,180
2009/8/8,135
2009/8/9,135
2009/8/10,157.5
2009/8/11,45
2009/8/12,157.5
2009/8/13,157.5
2009/8/14,0
2009/8/15,45
2009/8/16,112.5
2009/8/17,45
2009/8/18,157.5
2009/8/19,157.5
2009/8/20,180
2009/8/21,202.5
2009/8/22,337.5
2009/8/23,135
2009/8/24,135
2009/8/25,112.5
2009/8/26,67.5
2009/8/27,157.5
2009/8/28,180
2009/8/29,225
2009/8/30,22.5
2009/8/31,337.5
2009/9/1,67.5
2009/9/2,45
2009/9/3,22.5
2009/9/4,22.5
2009/9/5,45
2009/9/6,45
2009/9/7,45
2009/9/8,45
2009/9/9,157.5
2009/9/10,315
2009/9/11,180
2009/9/12,157.5
2009/9/13,315
2009/9/14,135
2009/9/15,0
2009/9/16,0
2009/9/17,67.5
2009/9/18,22.5
2009/9/19,45
2009/9/20,337.5
2009/9/21,157.5
2009/9/22,180
2009/9/23,67.5
2009/9/24,22.5
2009/9/25,45
2009/9/26,67.5
2009/9/27,45
2009/9/28,45
2009/9/29,315
2009/9/30,45
2009/10/1,45
2009/10/2,202.5
2009/10/3,180
2009/10/4,157.5
2009/10/5,337.5
2009/10/6,337.5
2009/10/7,337.5
2009/10/8,315
2009/10/9,337.5
2009/10/10,67.5
2009/10/11,315
2009/10/12,135
2009/10/13,337.5
2009/10/14,337.5
2009/10/15,135
2009/10/16,157.5
2009/10/17,315
2009/10/18,315
2009/10/19,180
2009/10/20,202.5
2009/10/21,180
2009/10/22,0
2009/10/23,67.5
2009/10/24,22.5
2009/10/25,337.5
2009/10/26,337.5
2009/10/27,337.5
2009/10/28,157.5
2009/10/29,337.5
2009/10/30,0
2009/10/31,22.5
2009/11/1,202.5
2009/11/2,67.5
2009/11/3,337.5
2009/11/4,337.5
2009/11/5,337.5
2009/11/6,337.5
2009/11/7,337.5
2009/11/8,337.5
2009/11/9,337.5
2009/11/10,135
2009/11/11,315
2009/11/12,45
2009/11/13,337.5
2009/11/14,315
2009/11/15,202.5
2009/11/16,337.5
2009/11/17,337.5
2009/11/18,0
2009/11/19,337.5
2009/11/20,90
2009/11/21,337.5
2009/11/22,337.5
2009/11/23,315
2009/11/24,337.5
2009/11/25,337.5
2009/11/26,67.5
2009/11/27,0
2009/11/28,45
2009/11/29,45
2009/11/30,337.5
2009/12/1,337.5
2009/12/2,337.5
2009/12/3,337.5
2009/12/4,45
2009/12/5,337.5
2009/12/6,315
2009/12/7,337.5
2009/12/8,157.5
2009/12/9,337.5
2009/12/10,45
2009/12/11,337.5
2009/12/12,337.5
2009/12/13,337.5
2009/12/14,45
2009/12/15,337.5
2009/12/16,337.5
2009/12/17,22.5
2009/12/18,225
2009/12/19,315
2009/12/20,225
2009/12/21,337.5
2009/12/22,315
2009/12/23,315
2009/12/24,337.5
2009/12/25,337.5
2009/12/26,337.5
2009/12/27,337.5
2009/12/28,337.5
2009/12/29,337.5
2009/12/30,337.5
2009/12/31,315
2010/1/1,315
2010/1/2,315
2010/1/3,337.5
2010/1/4,180
2010/1/5,315
2010/1/6,315
2010/1/7,337.5
2010/1/8,337.5
2010/1/9,315
2010/1/10,337.5
2010/1/11,337.5
2010/1/12,315
2010/1/13,270
2010/1/14,337.5
2010/1/15,337.5
2010/1/16,337.5
2010/1/17,315
2010/1/18,337.5
2010/1/19,180
2010/1/20,202.5
2010/1/21,337.5
2010/1/22,337.5
2010/1/23,0
2010/1/24,315
2010/1/25,315
2010/1/26,337.5
2010/1/27,202.5
2010/1/28,337.5
2010/1/29,45
2010/1/30,337.5
2010/1/31,337.5
2010/2/1,337.5
2010/2/2,337.5
2010/2/3,22.5
2010/2/4,157.5
2010/2/5,315
2010/2/6,315
2010/2/7,315
2010/2/8,337.5
2010/2/9,337.5
2010/2/10,45
2010/2/11,45
2010/2/12,22.5
2010/2/13,22.5
2010/2/14,157.5
2010/2/15,337.5
2010/2/16,45
2010/2/17,45
2010/2/18,337.5
2010/2/19,315
2010/2/20,315
2010/2/21,337.5
2010/2/22,22.5
2010/2/23,337.5
2010/2/24,67.5
2010/2/25,180
2010/2/26,202.5
2010/2/27,90
2010/2/28,45
2010/3/1,337.5
2010/3/2,45
2010/3/3,337.5
2010/3/4,67.5
2010/3/5,337.5
2010/3/6,67.5
2010/3/7,45
2010/3/8,22.5
2010/3/9,22.5
2010/3/10,337.5
2010/3/11,315
2010/3/12,202.5
2010/3/13,202.5
2010/3/14,157.5
2010/3/15,180
2010/3/16,22.5
2010/3/17,337.5
2010/3/18,337.5
2010/3/19,157.5
2010/3/20,180
2010/3/21,315
2010/3/22,337.5
2010/3/23,45
2010/3/24,45
2010/3/25,337.5
2010/3/26,67.5
2010/3/27,202.5
2010/3/28,45
2010/3/29,337.5
2010/3/30,315
2010/3/31,292.5
2010/4/1,202.5
2010/4/2,67.5
2010/4/3,157.5
2010/4/4,45
2010/4/5,337.5
2010/4/6,157.5
2010/4/7,67.5
2010/4/8,22.5
2010/4/9,157.5
2010/4/10,180
2010/4/11,45
2010/4/12,22.5
2010/4/13,337.5
2010/4/14,315
2010/4/15,45
2010/4/16,45
2010/4/17,337.5
2010/4/18,180
2010/4/19,157.5
2010/4/20,202.5
2010/4/21,337.5
2010/4/22,337.5
2010/4/23,0
2010/4/24,67.5
2010/4/25,157.5
2010/4/26,315
2010/4/27,0
2010/4/28,315
2010/4/29,202.5
2010/4/30,22.5
2010/5/1,180
2010/5/2,157.5
2010/5/3,180
2010/5/4,157.5
2010/5/5,157.5
2010/5/6,180
2010/5/7,180
2010/5/8,180
2010/5/9,337.5
2010/5/10,202.5
2010/5/11,180
2010/5/12,337.5
2010/5/13,315
2010/5/14,0
2010/5/15,67.5
2010/5/16,157.5
2010/5/17,157.5
2010/5/18,202.5
2010/5/19,202.5
2010/5/20,180
2010/5/21,337.5
2010/5/22,135
2010/5/23,157.5
2010/5/24,315
2010/5/25,180
2010/5/26,67.5
2010/5/27,157.5
2010/5/28,337.5
2010/5/29,45
2010/5/30,22.5
2010/5/31,157.5
2010/6/1,45
2010/6/2,157.5
2010/6/3,180
2010/6/4,180
2010/6/5,0
2010/6/6,180
2010/6/7,157.5
2010/6/8,45
2010/6/9,45
2010/6/10,67.5
2010/6/11,157.5
2010/6/12,180
2010/6/13,157.5
2010/6/14,337.5
2010/6/15,180
2010/6/16,180
2010/6/17,157.5
2010/6/18,315
2010/6/19,180
2010/6/20,202.5
2010/6/21,202.5
2010/6/22,157.5
2010/6/23,180
2010/6/24,202.5
2010/6/25,180
2010/6/26,202.5
2010/6/27,202.5
2010/6/28,157.5
2010/6/29,135
2010/6/30,337.5
2010/7/1,157.5
2010/7/2,180
2010/7/3,202.5
2010/7/4,337.5
2010/7/5,157.5
2010/7/6,180
2010/7/7,180
2010/7/8,157.5
2010/7/9,202.5
2010/7/10,157.5
2010/7/11,180
2010/7/12,202.5
2010/7/13,22.5
2010/7/14,180
2010/7/15,202.5
2010/7/16,180
2010/7/17,180
2010/7/18,202.5
2010/7/19,157.5
2010/7/20,157.5
2010/7/21,157.5
2010/7/22,157.5
2010/7/23,157.5
2010/7/24,157.5
2010/7/25,157.5
2010/7/26,292.5
2010/7/27,180
2010/7/28,180
2010/7/29,180
2010/7/30,180
2010/7/31,157.5
2010/8/1,157.5
2010/8/2,180
2010/8/3,180
2010/8/4,180
2010/8/5,180
2010/8/6,180
2010/8/7,180
2010/8/8,180
2010/8/9,180
2010/8/10,180
2010/8/11,180
2010/8/12,180
2010/8/13,135
2010/8/14,202.5
2010/8/15,180
2010/8/16,157.5
2010/8/17,135
2010/8/18,90
2010/8/19,67.5
2010/8/20,45
2010/8/21,180
2010/8/22,180
2010/8/23,157.5
2010/8/24,180
2010/8/25,180
2010/8/26,157.5
2010/8/27,180
2010/8/28,180
2010/8/29,157.5
2010/8/30,157.5
2010/8/31,157.5
2010/9/1,157.5
2010/9/2,180
2010/9/3,180
2010/9/4,135
2010/9/5,157.5
2010/9/6,180
2010/9/7,180
2010/9/8,337.5
2010/9/9,337.5
2010/9/10,180
2010/9/11,180
2010/9/12,135
2010/9/13,135
2010/9/14,67.5
2010/9/15,45
2010/9/16,337.5
2010/9/17,315
2010/9/18,112.5
2010/9/19,180
2010/9/20,45
2010/9/21,157.5
2010/9/22,135
2010/9/23,22.5
2010/9/24,22.5
2010/9/25,337.5
2010/9/26,337.5
2010/9/27,337.5
2010/9/28,315
2010/9/29,337.5
2010/9/30,0
2010/10/1,0
2010/10/2,67.5
2010/10/3,337.5
2010/10/4,315
2010/10/5,157.5
2010/10/6,337.5
2010/10/7,45
2010/10/8,45
2010/10/9,337.5
2010/10/10,337.5
2010/10/11,157.5
2010/10/12,157.5
2010/10/13,67.5
2010/10/14,45
2010/10/15,22.5
2010/10/16,157.5
2010/10/17,337.5
2010/10/18,67.5
2010/10/19,0
2010/10/20,337.5
2010/10/21,337.5
2010/10/22,22.5
2010/10/23,67.5
2010/10/24,337.5
2010/10/25,315
2010/10/26,45
2010/10/27,337.5
2010/10/28,337.5
2010/10/29,45
2010/10/30,337.5
2010/10/31,337.5
2010/11/1,315
2010/11/2,292.5
2010/11/3,337.5
2010/11/4,337.5
2010/11/5,315
2010/11/6,315
2010/11/7,337.5
2010/11/8,157.5
2010/11/9,315
2010/11/10,315
2010/11/11,315
2010/11/12,202.5
2010/11/13,337.5
2010/11/14,315
2010/11/15,67.5
2010/11/16,45
2010/11/17,337.5
2010/11/18,337.5
2010/11/19,337.5
2010/11/20,337.5
2010/11/21,337.5
2010/11/22,337.5
2010/11/23,337.5
2010/11/24,0
2010/11/25,337.5
2010/11/26,45
2010/11/27,90
2010/11/28,315
2010/11/29,315
2010/11/30,337.5
2010/12/1,315
2010/12/2,337.5
2010/12/3,225
2010/12/4,315
2010/12/5,315
2010/12/6,337.5
2010/12/7,337.5
2010/12/8,337.5
2010/12/9,315
2010/12/10,337.5
2010/12/11,180
2010/12/12,337.5
2010/12/13,337.5
2010/12/14,337.5
2010/12/15,22.5
2010/12/16,45
2010/12/17,337.5
2010/12/18,337.5
2010/12/19,45
2010/12/20,315
2010/12/21,337.5
2010/12/22,315
2010/12/23,315
2010/12/24,315
2010/12/25,202.5
2010/12/26,202.5
2010/12/27,202.5
2010/12/28,315
2010/12/29,337.5
2010/12/30,337.5
2010/12/31,315
2011/1/1,315
2011/1/2,337.5
2011/1/3,337.5
2011/1/4,337.5
2011/1/5,315
2011/1/6,337.5
2011/1/7,337.5
2011/1/8,292.5
2011/1/9,45
2011/1/10,337.5
2011/1/11,337.5
2011/1/12,337.5
2011/1/13,337.5
2011/1/14,0
2011/1/15,315
2011/1/16,315
2011/1/17,315
2011/1/18,315
2011/1/19,337.5
2011/1/20,337.5
2011/1/21,337.5
2011/1/22,337.5
2011/1/23,337.5
2011/1/24,22.5
2011/1/25,337.5
2011/1/26,315
2011/1/27,337.5
2011/1/28,337.5
2011/1/29,135
2011/1/30,337.5
2011/1/31,315
2011/2/1,315
2011/2/2,337.5
2011/2/3,157.5
2011/2/4,315
2011/2/5,337.5
2011/2/6,337.5
2011/2/7,337.5
2011/2/8,337.5
2011/2/9,337.5
2011/2/10,337.5
2011/2/11,337.5
2011/2/12,337.5
2011/2/13,315
2011/2/14,337.5
2011/2/15,337.5
2011/2/16,315
2011/2/17,180
2011/2/18,337.5
2011/2/19,337.5
2011/2/20,337.5
2011/2/21,22.5
2011/2/22,22.5
2011/2/23,337.5
2011/2/24,180
2011/2/25,202.5
2011/2/26,337.5
2011/2/27,45
2011/2/28,337.5
2011/3/1,337.5
2011/3/2,337.5
2011/3/3,337.5
2011/3/4,337.5
2011/3/5,315
2011/3/6,337.5
2011/3/7,337.5
2011/3/8,315
2011/3/9,337.5
2011/3/10,337.5
2011/3/11,337.5
2011/3/12,315
2011/3/13,180
2011/3/14,180
2011/3/15,45
2011/3/16,337.5
2011/3/17,337.5
2011/3/18,315
2011/3/19,225
2011/3/20,337.5
2011/3/21,67.5
2011/3/22,0
2011/3/23,45
2011/3/24,45
2011/3/25,315
2011/3/26,337.5
2011/3/27,337.5
2011/3/28,180
2011/3/29,157.5
2011/3/30,0
2011/3/31,337.5
2011/4/1,180
2011/4/2,315
2011/4/3,337.5
2011/4/4,337.5
2011/4/5,180
2011/4/6,180
2011/4/7,202.5
2011/4/8,202.5
2011/4/9,180
2011/4/10,135
2011/4/11,157.5
2011/4/12,315
2011/4/13,180
2011/4/14,157.5
2011/4/15,202.5
2011/4/16,202.5
2011/4/17,157.5
2011/4/18,135
2011/4/19,22.5
2011/4/20,22.5
2011/4/21,157.5
2011/4/22,180
2011/4/23,180
2011/4/24,337.5
2011/4/25,337.5
2011/4/26,180
2011/4/27,180
2011/4/28,180
2011/4/29,157.5
2011/4/30,202.5
2011/5/1,202.5
2011/5/2,337.5
2011/5/3,0
2011/5/4,180
2011/5/5,45
2011/5/6,45
2011/5/7,337.5
2011/5/8,157.5
2011/5/9,157.5
2011/5/10,180
2011/5/11,67.5
2011/5/12,22.5
2011/5/13,45
2011/5/14,180
2011/5/15,180
2011/5/16,180
2011/5/17,180
2011/5/18,180
2011/5/19,180
2011/5/20,157.5
2011/5/21,180
2011/5/22,202.5
2011/5/23,22.5
2011/5/24,337.5
2011/5/25,180
2011/5/26,157.5
2011/5/27,157.5
2011/5/28,337.5
2011/5/29,45
2011/5/30,22.5
2011/5/31,90
2011/6/1,157.5
2011/6/2,315
2011/6/3,157.5
2011/6/4,157.5
2011/6/5,180
2011/6/6,180
2011/6/7,157.5
2011/6/8,0
2011/6/9,180
2011/6/10,180
2011/6/11,180
2011/6/12,157.5
2011/6/13,157.5
2011/6/14,157.5
2011/6/15,157.5
2011/6/16,157.5
2011/6/17,337.5
2011/6/18,157.5
2011/6/19,180
2011/6/20,180
2011/6/21,202.5
2011/6/22,157.5
2011/6/23,202.5
2011/6/24,202.5
2011/6/25,67.5
2011/6/26,67.5
2011/6/27,22.5
2011/6/28,135
2011/6/29,135
2011/6/30,270
2011/7/1,157.5
2011/7/2,45
2011/7/3,157.5
2011/7/4,202.5
2011/7/5,180
2011/7/6,135
2011/7/7,202.5
2011/7/8,180
2011/7/9,157.5
2011/7/10,180
2011/7/11,157.5
2011/7/12,180
2011/7/13,157.5
2011/7/14,157.5
2011/7/15,157.5
2011/7/16,180
2011/7/17,180
2011/7/18,180
2011/7/19,157.5
2011/7/20,157.5
2011/7/21,22.5
2011/7/22,45
2011/7/23,337.5
2011/7/24,180
2011/7/25,180
2011/7/26,202.5
2011/7/27,180
2011/7/28,337.5
2011/7/29,315
2011/7/30,45
2011/7/31,45
2011/8/1,90
2011/8/2,157.5
2011/8/3,45
2011/8/4,45
2011/8/5,157.5
2011/8/6,157.5
2011/8/7,45
2011/8/8,157.5
2011/8/9,157.5
2011/8/10,157.5
2011/8/11,157.5
2011/8/12,157.5
2011/8/13,157.5
2011/8/14,157.5
2011/8/15,157.5
2011/8/16,180
2011/8/17,180
2011/8/18,202.5
2011/8/19,45
2011/8/20,337.5
2011/8/21,337.5
2011/8/22,22.5
2011/8/23,180
2011/8/24,180
2011/8/25,180
2011/8/26,22.5
2011/8/27,67.5
2011/8/28,67.5
2011/8/29,45
2011/8/30,22.5
2011/8/31,0
2011/9/1,112.5
2011/9/2,135
2011/9/3,157.5
2011/9/4,157.5
2011/9/5,157.5
2011/9/6,22.5
2011/9/7,180
2011/9/8,180
2011/9/9,202.5
2011/9/10,157.5
2011/9/11,157.5
2011/9/12,180
2011/9/13,180
2011/9/14,180
2011/9/15,180
2011/9/16,180
2011/9/17,180
2011/9/18,180
2011/9/19,67.5
2011/9/20,22.5
2011/9/21,337.5
2011/9/22,45
2011/9/23,337.5
2011/9/24,135
2011/9/25,67.5
2011/9/26,337.5
2011/9/27,337.5
2011/9/28,22.5
2011/9/29,180
2011/9/30,225
2011/10/1,112.5
2011/10/2,45
2011/10/3,337.5
2011/10/4,157.5
2011/10/5,337.5
2011/10/6,337.5
2011/10/7,337.5
2011/10/8,157.5
2011/10/9,337.5
2011/10/10,180
2011/10/11,67.5
2011/10/12,180
2011/10/13,337.5
2011/10/14,180
2011/10/15,180
2011/10/16,180
2011/10/17,315
2011/10/18,45
2011/10/19,337.5
2011/10/20,337.5
2011/10/21,337.5
2011/10/22,180
2011/10/23,180
2011/10/24,45
2011/10/25,337.5
2011/10/26,337.5
2011/10/27,67.5
2011/10/28,337.5
2011/10/29,45
2011/10/30,337.5
2011/10/31,337.5
2011/11/1,67.5
2011/11/2,337.5
2011/11/3,337.5
2011/11/4,45
2011/11/5,337.5
2011/11/6,22.5
2011/11/7,45
2011/11/8,67.5
2011/11/9,337.5
2011/11/10,45
2011/11/11,337.5
2011/11/12,67.5
2011/11/13,22.5
2011/11/14,45
2011/11/15,22.5
2011/11/16,337.5
2011/11/17,337.5
2011/11/18,337.5
2011/11/19,180
2011/11/20,337.5
2011/11/21,337.5
2011/11/22,337.5
2011/11/23,337.5
2011/11/24,337.5
2011/11/25,337.5
2011/11/26,22.5
2011/11/27,337.5
2011/11/28,315
2011/11/29,315
2011/11/30,45
2011/12/1,45
2011/12/2,337.5
2011/12/3,337.5
2011/12/4,337.5
2011/12/5,337.5
2011/12/6,0
2011/12/7,337.5
2011/12/8,337.5
2011/12/9,292.5
2011/12/10,337.5
2011/12/11,292.5
2011/12/12,315
2011/12/13,0
2011/12/14,337.5
2011/12/15,337.5
2011/12/16,337.5
2011/12/17,337.5
2011/12/18,22.5
2011/12/19,315
2011/12/20,337.5
2011/12/21,337.5
2011/12/22,315
2011/12/23,337.5
2011/12/24,337.5
2011/12/25,337.5
2011/12/26,315
2011/12/27,337.5
2011/12/28,337.5
2011/12/29,337.5
2011/12/30,337.5
2011/12/31,0
2012/1/1,337.5
2012/1/2,337.5
2012/1/3,337.5
2012/1/4,315
2012/1/5,337.5
2012/1/6,315
2012/1/7,337.5
2012/1/8,337.5
2012/1/9,337.5
2012/1/10,157.5
2012/1/11,337.5
2012/1/12,337.5
2012/1/13,337.5
2012/1/14,337.5
2012/1/15,337.5
2012/1/16,22.5
2012/1/17,22.5
2012/1/18,337.5
2012/1/19,337.5
2012/1/20,337.5
2012/1/21,337.5
2012/1/22,337.5
2012/1/23,22.5
2012/1/24,337.5
2012/1/25,315
2012/1/26,337.5
2012/1/27,337.5
2012/1/28,337.5
2012/1/29,337.5
2012/1/30,337.5
2012/1/31,337.5
2012/2/1,315
2012/2/2,315
2012/2/3,180
2012/2/4,337.5
2012/2/5,337.5
2012/2/6,337.5
2012/2/7,337.5
2012/2/8,337.5
2012/2/9,315
2012/2/10,22.5
2012/2/11,337.5
2012/2/12,337.5
2012/2/13,22.5
2012/2/14,315
2012/2/15,337.5
2012/2/16,337.5
2012/2/17,22.5
2012/2/18,337.5
2012/2/19,337.5
2012/2/20,337.5
2012/2/21,315
2012/2/22,112.5
2012/2/23,337.5
2012/2/24,337.5
2012/2/25,337.5
2012/2/26,315
2012/2/27,337.5
2012/2/28,67.5
2012/2/29,337.5
2012/3/1,337.5
2012/3/2,337.5
2012/3/3,67.5
2012/3/4,45
2012/3/5,337.5
2012/3/6,337.5
2012/3/7,0
2012/3/8,22.5
2012/3/9,337.5
2012/3/10,337.5
2012/3/11,157.5
2012/3/12,337.5
2012/3/13,337.5
2012/3/14,337.5
2012/3/15,337.5
2012/3/16,180
2012/3/17,315
2012/3/18,45
2012/3/19,337.5
2012/3/20,337.5
2012/3/21,337.5
2012/3/22,292.5
2012/3/23,337.5
2012/3/24,0
2012/3/25,337.5
2012/3/26,315
2012/3/27,315
2012/3/28,315
2012/3/29,180
2012/3/30,180
2012/3/31,180
2012/4/1,337.5
2012/4/2,180
2012/4/3,180
2012/4/4,315
2012/4/5,202.5
2012/4/6,337.5
2012/4/7,337.5
2012/4/8,180
2012/4/9,337.5
2012/4/10,157.5
2012/4/11,180
2012/4/12,157.5
2012/4/13,315
2012/4/14,337.5
2012/4/15,112.5
2012/4/16,135
2012/4/17,315
2012/4/18,67.5
2012/4/19,45
2012/4/20,67.5
2012/4/21,45
2012/4/22,0
2012/4/23,315
2012/4/24,337.5
2012/4/25,135
2012/4/26,157.5
2012/4/27,337.5
2012/4/28,157.5
2012/4/29,157.5
2012/4/30,157.5
2012/5/1,135
2012/5/2,67.5
2012/5/3,315
2012/5/4,337.5
2012/5/5,315
2012/5/6,180
2012/5/7,135
2012/5/8,157.5
2012/5/9,337.5
2012/5/10,315
2012/5/11,315
2012/5/12,315
2012/5/13,337.5
2012/5/14,180
2012/5/15,180
2012/5/16,337.5
2012/5/17,180
2012/5/18,337.5
2012/5/19,180
2012/5/20,180
2012/5/21,45
2012/5/22,337.5
2012/5/23,337.5
2012/5/24,180
2012/5/25,180
2012/5/26,337.5
2012/5/27,180
2012/5/28,180
2012/5/29,180
2012/5/30,112.5
2012/5/31,135
2012/6/1,315
2012/6/2,157.5
2012/6/3,45
2012/6/4,180
2012/6/5,180
2012/6/6,22.5
2012/6/7,157.5
2012/6/8,180
2012/6/9,135
2012/6/10,135
2012/6/11,90
2012/6/12,22.5
2012/6/13,45
2012/6/14,45
2012/6/15,135
2012/6/16,157.5
2012/6/17,315
2012/6/18,135
2012/6/19,135
2012/6/20,202.5
2012/6/21,180
2012/6/22,157.5
2012/6/23,157.5
2012/6/24,112.5
2012/6/25,45
2012/6/26,45
2012/6/27,157.5
2012/6/28,157.5
2012/6/29,45
2012/6/30,45
2012/7/1,45
2012/7/2,0
2012/7/3,180
2012/7/4,157.5
2012/7/5,135
2012/7/6,157.5
2012/7/7,337.5
2012/7/8,45
2012/7/9,157.5
2012/7/10,157.5
2012/7/11,180
2012/7/12,180
2012/7/13,180
2012/7/14,180
2012/7/15,202.5
2012/7/16,180
2012/7/17,157.5
2012/7/18,157.5
2012/7/19,135
2012/7/20,67.5
2012/7/21,67.5
2012/7/22,67.5
2012/7/23,22.5
2012/7/24,180
2012/7/25,202.5
2012/7/26,157.5
2012/7/27,157.5
2012/7/28,157.5
2012/7/29,157.5
2012/7/30,180
2012/7/31,157.5
2012/8/1,180
2012/8/2,202.5
2012/8/3,157.5
2012/8/4,45
2012/8/5,157.5
2012/8/6,180
2012/8/7,180
2012/8/8,45
2012/8/9,90
2012/8/10,157.5
2012/8/11,180
2012/8/12,157.5
2012/8/13,202.5
2012/8/14,202.5
2012/8/15,202.5
2012/8/16,180
2012/8/17,180
2012/8/18,180
2012/8/19,180
2012/8/20,180
2012/8/21,180
2012/8/22,180
2012/8/23,202.5
2012/8/24,202.5
2012/8/25,157.5
2012/8/26,157.5
2012/8/27,180
2012/8/28,180
2012/8/29,180
2012/8/30,157.5
2012/8/31,157.5
2012/9/1,90
2012/9/2,22.5
2012/9/3,202.5
2012/9/4,315
2012/9/5,337.5
2012/9/6,157.5
2012/9/7,157.5
2012/9/8,157.5
2012/9/9,180
2012/9/10,157.5
2012/9/11,180
2012/9/12,337.5
2012/9/13,157.5
2012/9/14,157.5
2012/9/15,157.5
2012/9/16,157.5
2012/9/17,157.5
2012/9/18,180
2012/9/19,180
2012/9/20,157.5
2012/9/21,45
2012/9/22,337.5
2012/9/23,22.5
2012/9/24,135
2012/9/25,337.5
2012/9/26,0
2012/9/27,337.5
2012/9/28,337.5
2012/9/29,157.5
2012/9/30,157.5
2012/10/1,202.5
2012/10/2,67.5
2012/10/3,337.5
2012/10/4,337.5
2012/10/5,157.5
2012/10/6,157.5
2012/10/7,0
2012/10/8,22.5
2012/10/9,337.5
2012/10/10,0
2012/10/11,337.5
2012/10/12,315
2012/10/13,315
2012/10/14,337.5
2012/10/15,337.5
2012/10/16,45
2012/10/17,315
2012/10/18,22.5
2012/10/19,22.5
2012/10/20,157.5
2012/10/21,315
2012/10/22,337.5
2012/10/23,180
2012/10/24,315
2012/10/25,337.5
2012/10/26,337.5
2012/10/27,22.5
2012/10/28,337.5
2012/10/29,337.5
2012/10/30,337.5
2012/10/31,0
2012/11/1,0
2012/11/2,337.5
2012/11/3,315
2012/11/4,315
2012/11/5,337.5
2012/11/6,315
2012/11/7,315
2012/11/8,315
2012/11/9,337.5
2012/11/10,315
2012/11/11,337.5
2012/11/12,315
2012/11/13,292.5
2012/11/14,315
2012/11/15,315
2012/11/16,337.5
2012/11/17,315
2012/11/18,337.5
2012/11/19,315
2012/11/20,315
2012/11/21,337.5
2012/11/22,315
2012/11/23,337.5
2012/11/24,67.5
2012/11/25,157.5
2012/11/26,315
2012/11/27,337.5
2012/11/28,337.5
2012/11/29,337.5
2012/11/30,337.5
2012/12/1,337.5
2012/12/2,337.5
2012/12/3,337.5
2012/12/4,315
2012/12/5,292.5
2012/12/6,202.5
2012/12/7,315
2012/12/8,315
2012/12/9,225
2012/12/10,315
2012/12/11,337.5
2012/12/12,337.5
2012/12/13,315
2012/12/14,337.5
2012/12/15,315
2012/12/16,315
2012/12/17,337.5
2012/12/18,337.5
2012/12/19,337.5
2012/12/20,337.5
2012/12/21,315
2012/12/22,337.5
2012/12/23,337.5
2012/12/24,337.5
2012/12/25,292.5
2012/12/26,337.5
2012/12/27,337.5
2012/12/28,337.5
2012/12/29,337.5
2012/12/30,337.5
2012/12/31,337.5
2013/1/1,157.5
2013/1/2,202.5
2013/1/3,337.5
2013/1/4,337.5
2013/1/5,315
2013/1/6,315
2013/1/7,0
2013/1/8,337.5
2013/1/9,337.5
2013/1/10,337.5
2013/1/11,337.5
2013/1/12,337.5
2013/1/13,315
2013/1/14,337.5
2013/1/15,337.5
2013/1/16,337.5
2013/1/17,337.5
2013/1/18,337.5
2013/1/19,315
2013/1/20,337.5
2013/1/21,337.5
2013/1/22,337.5
2013/1/23,22.5
2013/1/24,337.5
2013/1/25,315
2013/1/26,202.5
2013/1/27,247.5
2013/1/28,337.5
2013/1/29,315
2013/1/30,337.5
2013/1/31,22.5
2013/2/1,180
2013/2/2,180
2013/2/3,337.5
2013/2/4,337.5
2013/2/5,337.5
2013/2/6,337.5
2013/2/7,337.5
2013/2/8,337.5
2013/2/9,315
2013/2/10,337.5
2013/2/11,337.5
2013/2/12,337.5
2013/2/13,337.5
2013/2/14,22.5
2013/2/15,337.5
2013/2/16,337.5
2013/2/17,337.5
2013/2/18,22.5
2013/2/19,337.5
2013/2/20,337.5
2013/2/21,337.5
2013/2/22,157.5
2013/2/23,337.5
2013/2/24,337.5
2013/2/25,337.5
2013/2/26,337.5
2013/2/27,337.5
2013/2/28,135
2013/3/1,180
2013/3/2,337.5
2013/3/3,315
2013/3/4,337.5
2013/3/5,315
2013/3/6,337.5
2013/3/7,202.5
2013/3/8,202.5
2013/3/9,157.5
2013/3/10,337.5
2013/3/11,337.5
2013/3/12,157.5
2013/3/13,202.5
2013/3/14,67.5
2013/3/15,157.5
2013/3/16,315
2013/3/17,180
2013/3/18,180
2013/3/19,337.5
2013/3/20,180
2013/3/21,337.5
2013/3/22,337.5
2013/3/23,90
2013/3/24,45
2013/3/25,45
2013/3/26,337.5
2013/3/27,337.5
2013/3/28,157.5
2013/3/29,67.5
2013/3/30,45
2013/3/31,0
2013/4/1,45
2013/4/2,337.5
2013/4/3,315
2013/4/4,157.5
2013/4/5,180
2013/4/6,157.5
2013/4/7,202.5
2013/4/8,315
2013/4/9,180
2013/4/10,337.5
2013/4/11,337.5
2013/4/12,337.5
2013/4/13,180
2013/4/14,202.5
2013/4/15,45
2013/4/16,135
2013/4/17,180
2013/4/18,180
2013/4/19,337.5
2013/4/20,337.5
2013/4/21,337.5
2013/4/22,337.5
2013/4/23,180
2013/4/24,180
2013/4/25,337.5
2013/4/26,157.5
2013/4/27,315
2013/4/28,315
2013/4/29,157.5
2013/4/30,202.5
2013/5/1,45
2013/5/2,337.5
2013/5/3,337.5
2013/5/4,180
2013/5/5,180
2013/5/6,202.5
2013/5/7,337.5
2013/5/8,337.5
2013/5/9,180
2013/5/10,135
2013/5/11,337.5
2013/5/12,135
2013/5/13,157.5
2013/5/14,157.5
2013/5/15,180
2013/5/16,45
2013/5/17,157.5
2013/5/18,180
2013/5/19,180
2013/5/20,337.5
2013/5/21,135
2013/5/22,157.5
2013/5/23,157.5
2013/5/24,180
2013/5/25,135
2013/5/26,157.5
2013/5/27,157.5
2013/5/28,180
2013/5/29,180
2013/5/30,180
2013/5/31,67.5
2013/6/1,67.5
2013/6/2,45
2013/6/3,157.5
2013/6/4,180
2013/6/5,180
2013/6/6,157.5
2013/6/7,90
2013/6/8,180
2013/6/9,157.5
2013/6/10,202.5
2013/6/11,45
2013/6/12,22.5
2013/6/13,22.5
2013/6/14,337.5
2013/6/15,157.5
2013/6/16,337.5
2013/6/17,157.5
2013/6/18,157.5
2013/6/19,202.5
2013/6/20,202.5
2013/6/21,157.5
2013/6/22,157.5
2013/6/23,135
2013/6/24,337.5
2013/6/25,180
2013/6/26,202.5
2013/6/27,0
2013/6/28,157.5
2013/6/29,135
2013/6/30,157.5
2013/7/1,157.5
2013/7/2,157.5
2013/7/3,180
2013/7/4,180
2013/7/5,180
2013/7/6,202.5
2013/7/7,180
2013/7/8,157.5
2013/7/9,180
2013/7/10,157.5
2013/7/11,157.5
2013/7/12,135
2013/7/13,157.5
2013/7/14,157.5
2013/7/15,337.5
2013/7/16,157.5
2013/7/17,157.5
2013/7/18,180
2013/7/19,90
2013/7/20,67.5
2013/7/21,135
2013/7/22,157.5
2013/7/23,157.5
2013/7/24,135
2013/7/25,135
2013/7/26,157.5
2013/7/27,157.5
2013/7/28,180
2013/7/29,202.5
2013/7/30,157.5
2013/7/31,135
2013/8/1,180
2013/8/2,90
2013/8/3,180
2013/8/4,180
2013/8/5,180
2013/8/6,180
2013/8/7,337.5
2013/8/8,157.5
2013/8/9,157.5
2013/8/10,157.5
2013/8/11,337.5
2013/8/12,135
2013/8/13,157.5
2013/8/14,157.5
2013/8/15,180
2013/8/16,157.5
2013/8/17,180
2013/8/18,180
2013/8/19,180
2013/8/20,202.5
2013/8/21,0
2013/8/22,157.5
2013/8/23,315
2013/8/24,315
2013/8/25,157.5
2013/8/26,157.5
2013/8/27,0
2013/8/28,157.5
2013/8/29,180
2013/8/30,180
2013/8/31,180
2013/9/1,180
2013/9/2,157.5
2013/9/3,157.5
2013/9/4,157.5
2013/9/5,180
2013/9/6,67.5
2013/9/7,337.5
2013/9/8,45
2013/9/9,337.5
2013/9/10,67.5
2013/9/11,337.5
2013/9/12,180
2013/9/13,157.5
2013/9/14,135
2013/9/15,157.5
2013/9/16,135
2013/9/17,337.5
2013/9/18,0
2013/9/19,337.5
2013/9/20,180
2013/9/21,202.5
2013/9/22,67.5
2013/9/23,22.5
2013/9/24,337.5
2013/9/25,337.5
2013/9/26,0
2013/9/27,67.5
2013/9/28,67.5
2013/9/29,67.5
2013/9/30,337.5
2013/10/1,337.5
2013/10/2,337.5
2013/10/3,45
2013/10/4,22.5
2013/10/5,337.5
2013/10/6,22.5
2013/10/7,0
2013/10/8,180
2013/10/9,180
2013/10/10,67.5
2013/10/11,180
2013/10/12,337.5
2013/10/13,315
2013/10/14,337.5
2013/10/15,337.5
2013/10/16,337.5
2013/10/17,337.5
2013/10/18,45
2013/10/19,337.5
2013/10/20,337.5
2013/10/21,67.5
2013/10/22,22.5
2013/10/23,22.5
2013/10/24,337.5
2013/10/25,337.5
2013/10/26,337.5
2013/10/27,337.5
2013/10/28,22.5
2013/10/29,337.5
2013/10/30,337.5
2013/10/31,22.5
2013/11/1,0
2013/11/2,337.5
2013/11/3,315
2013/11/4,0
2013/11/5,157.5
2013/11/6,202.5
2013/11/7,337.5
2013/11/8,315
2013/11/9,337.5
2013/11/10,180
2013/11/11,337.5
2013/11/12,315
2013/11/13,337.5
2013/11/14,337.5
2013/11/15,315
2013/11/16,337.5
2013/11/17,202.5
2013/11/18,180
2013/11/19,202.5
2013/11/20,202.5
2013/11/21,315
2013/11/22,292.5
2013/11/23,337.5
2013/11/24,337.5
2013/11/25,157.5
2013/11/26,337.5
2013/11/27,180
2013/11/28,202.5
2013/11/29,202.5
2013/11/30,337.5
2013/12/1,315
2013/12/2,315
2013/12/3,337.5
2013/12/4,337.5
2013/12/5,337.5
2013/12/6,337.5
2013/12/7,337.5
2013/12/8,337.5
2013/12/9,337.5
2013/12/10,315
2013/12/11,337.5
2013/12/12,202.5
2013/12/13,225
2013/12/14,315
2013/12/15,337.5
2013/12/16,315
2013/12/17,337.5
2013/12/18,337.5
2013/12/19,337.5
2013/12/20,337.5
2013/12/21,337.5
2013/12/22,337.5
2013/12/23,337.5
2013/12/24,337.5
2013/12/25,337.5
2013/12/26,315
2013/12/27,337.5
2013/12/28,315
2013/12/29,337.5
2013/12/30,157.5
2013/12/31,67.5
2014/1/1,202.5
2014/1/2,337.5
2014/1/3,337.5
2014/1/4,337.5
2014/1/5,337.5
2014/1/6,337.5
2014/1/7,22.5
2014/1/8,22.5
2014/1/9,337.5
2014/1/10,337.5
2014/1/11,315
2014/1/12,337.5
2014/1/13,337.5
2014/1/14,337.5
2014/1/15,337.5
2014/1/16,337.5
2014/1/17,337.5
2014/1/18,337.5
2014/1/19,337.5
2014/1/20,315
2014/1/21,337.5
2014/1/22,337.5
2014/1/23,315
2014/1/24,337.5
2014/1/25,315
2014/1/26,337.5
2014/1/27,337.5
2014/1/28,202.5
2014/1/29,337.5
2014/1/30,202.5
2014/1/31,337.5
2014/2/1,45
2014/2/2,337.5
2014/2/3,337.5
2014/2/4,22.5
2014/2/5,337.5
2014/2/6,337.5
2014/2/7,337.5
2014/2/8,337.5
2014/2/9,337.5
2014/2/10,337.5
2014/2/11,337.5
2014/2/12,337.5
2014/2/13,45
2014/2/14,337.5
2014/2/15,315
2014/2/16,315
2014/2/17,337.5
2014/2/18,337.5
2014/2/19,337.5
2014/2/20,337.5
2014/2/21,337.5
2014/2/22,337.5
2014/2/23,337.5
2014/2/24,45
2014/2/25,337.5
2014/2/26,157.5
2014/2/27,180
2014/2/28,337.5
2014/3/1,22.5
2014/3/2,22.5
2014/3/3,337.5
2014/3/4,157.5
2014/3/5,337.5
2014/3/6,337.5
2014/3/7,337.5
2014/3/8,337.5
2014/3/9,157.5
2014/3/10,337.5
2014/3/11,292.5
2014/3/12,157.5
2014/3/13,180
2014/3/14,337.5
2014/3/15,337.5
2014/3/16,337.5
2014/3/17,180
2014/3/18,202.5
2014/3/19,90
2014/3/20,337.5
2014/3/21,315
2014/3/22,315
2014/3/23,337.5
2014/3/24,180
2014/3/25,180
2014/3/26,180
2014/3/27,22.5
2014/3/28,180
2014/3/29,180
2014/3/30,180
2014/3/31,315
2014/4/1,157.5
2014/4/2,135
2014/4/3,337.5
2014/4/4,337.5
2014/4/5,337.5
2014/4/6,337.5
2014/4/7,180
2014/4/8,337.5
2014/4/9,135
2014/4/10,337.5
2014/4/11,337.5
2014/4/12,337.5
2014/4/13,135
2014/4/14,337.5
2014/4/15,180
2014/4/16,157.5
2014/4/17,45
2014/4/18,22.5
2014/4/19,0
2014/4/20,157.5
2014/4/21,202.5
2014/4/22,157.5
2014/4/23,157.5
2014/4/24,157.5
2014/4/25,180
2014/4/26,180
2014/4/27,180
2014/4/28,202.5
2014/4/29,180
2014/4/30,157.5
2014/5/1,180
2014/5/2,180
2014/5/3,157.5
2014/5/4,180
2014/5/5,180
2014/5/6,45
2014/5/7,180
2014/5/8,180
2014/5/9,337.5
2014/5/10,315
2014/5/11,337.5
2014/5/12,180
2014/5/13,180
2014/5/14,157.5
2014/5/15,180
2014/5/16,337.5
2014/5/17,337.5
2014/5/18,180
2014/5/19,180
2014/5/20,157.5
2014/5/21,337.5
2014/5/22,157.5
2014/5/23,180
2014/5/24,180
2014/5/25,157.5
2014/5/26,202.5
2014/5/27,337.5
2014/5/28,157.5
2014/5/29,202.5
2014/5/30,157.5
2014/5/31,180
2014/6/1,180
2014/6/2,67.5
2014/6/3,157.5
2014/6/4,157.5
2014/6/5,90
2014/6/6,90
2014/6/7,22.5
2014/6/8,315
2014/6/9,157.5
2014/6/10,135
2014/6/11,45
2014/6/12,22.5
2014/6/13,157.5
2014/6/14,157.5
2014/6/15,157.5
2014/6/16,180
2014/6/17,157.5
2014/6/18,135
2014/6/19,180
2014/6/20,157.5
2014/6/21,157.5
2014/6/22,157.5
2014/6/23,180
2014/6/24,202.5
2014/6/25,337.5
2014/6/26,157.5
2014/6/27,67.5
2014/6/28,67.5
2014/6/29,67.5
2014/6/30,157.5
2014/7/1,157.5
2014/7/2,157.5
2014/7/3,157.5
2014/7/4,22.5
2014/7/5,45
2014/7/6,180
2014/7/7,157.5
2014/7/8,157.5
2014/7/9,157.5
2014/7/10,180
2014/7/11,157.5
2014/7/12,180
2014/7/13,157.5
2014/7/14,157.5
2014/7/15,157.5
2014/7/16,135
2014/7/17,157.5
2014/7/18,45
2014/7/19,157.5
2014/7/20,337.5
2014/7/21,135
2014/7/22,157.5
2014/7/23,157.5
2014/7/24,180
2014/7/25,135
2014/7/26,157.5
2014/7/27,180
2014/7/28,157.5
2014/7/29,202.5
2014/7/30,180
2014/7/31,180
2014/8/1,157.5
2014/8/2,157.5
2014/8/3,202.5
2014/8/4,202.5
2014/8/5,202.5
2014/8/6,180
2014/8/7,180
2014/8/8,202.5
2014/8/9,67.5
2014/8/10,157.5
2014/8/11,180
2014/8/12,202.5
2014/8/13,180
2014/8/14,180
2014/8/15,180
2014/8/16,202.5
2014/8/17,22.5
2014/8/18,180
2014/8/19,180
2014/8/20,157.5
2014/8/21,157.5
2014/8/22,157.5
2014/8/23,180
2014/8/24,157.5
2014/8/25,135
2014/8/26,22.5
2014/8/27,337.5
2014/8/28,0
2014/8/29,45
2014/8/30,45
2014/8/31,22.5
2014/9/1,22.5
2014/9/2,337.5
2014/9/3,90
2014/9/4,180
2014/9/5,180
2014/9/6,157.5
2014/9/7,22.5
2014/9/8,45
2014/9/9,22.5
2014/9/10,135
2014/9/11,337.5
2014/9/12,157.5
2014/9/13,337.5
2014/9/14,337.5
2014/9/15,157.5
2014/9/16,157.5
2014/9/17,45
2014/9/18,337.5
2014/9/19,315
2014/9/20,22.5
2014/9/21,337.5
2014/9/22,337.5
2014/9/23,157.5
2014/9/24,157.5
2014/9/25,180
2014/9/26,67.5
2014/9/27,22.5
2014/9/28,337.5
2014/9/29,337.5
2014/9/30,180
2014/10/1,22.5
2014/10/2,157.5
2014/10/3,180
2014/10/4,90
2014/10/5,337.5
2014/10/6,337.5
2014/10/7,45
2014/10/8,22.5
2014/10/9,157.5
2014/10/10,202.5
2014/10/11,90
2014/10/12,22.5
2014/10/13,22.5
2014/10/14,337.5
2014/10/15,337.5
2014/10/16,337.5
2014/10/17,337.5
2014/10/18,0
2014/10/19,157.5
2014/10/20,337.5
2014/10/21,180
2014/10/22,22.5
2014/10/23,337.5
2014/10/24,157.5
2014/10/25,292.5
2014/10/26,180
2014/10/27,337.5
2014/10/28,337.5
2014/10/29,315
2014/10/30,180
2014/10/31,337.5
2014/11/1,337.5
2014/11/2,180
2014/11/3,337.5
2014/11/4,337.5
2014/11/5,337.5
2014/11/6,337.5
2014/11/7,337.5
2014/11/8,337.5
2014/11/9,337.5
2014/11/10,337.5
2014/11/11,337.5
2014/11/12,337.5
2014/11/13,337.5
2014/11/14,337.5
2014/11/15,337.5
2014/11/16,337.5
2014/11/17,337.5
2014/11/18,337.5
2014/11/19,337.5
2014/11/20,337.5
2014/11/21,337.5
2014/11/22,337.5
2014/11/23,337.5
2014/11/24,315
2014/11/25,337.5
2014/11/26,337.5
2014/11/27,337.5
2014/11/28,315
2014/11/29,337.5
2014/11/30,45
2014/12/1,337.5
2014/12/2,337.5
2014/12/3,202.5
2014/12/4,337.5
2014/12/5,315
2014/12/6,337.5
2014/12/7,337.5
2014/12/8,337.5
2014/12/9,337.5
2014/12/10,337.5
2014/12/11,337.5
2014/12/12,337.5
2014/12/13,315
2014/12/14,337.5
2014/12/15,315
2014/12/16,337.5
2014/12/17,225
2014/12/18,315
2014/12/19,292.5
2014/12/20,337.5
2014/12/21,315
2014/12/22,202.5
2014/12/23,315
2014/12/24,315
2014/12/25,337.5
2014/12/26,337.5
2014/12/27,337.5
2014/12/28,315
2014/12/29,337.5
2014/12/30,22.5
2014/12/31,202.5
2015/1/1,315
2015/1/2,315
2015/1/3,315
2015/1/4,337.5
2015/1/5,157.5
2015/1/6,202.5
2015/1/7,337.5
2015/1/8,315
2015/1/9,315
2015/1/10,315
2015/1/11,292.5
2015/1/12,315
2015/1/13,315
2015/1/14,337.5
2015/1/15,337.5
2015/1/16,315
2015/1/17,315
2015/1/18,292.5
2015/1/19,337.5
2015/1/20,337.5
2015/1/21,337.5
2015/1/22,337.5
2015/1/23,337.5
2015/1/24,337.5
2015/1/25,337.5
2015/1/26,337.5
2015/1/27,337.5
2015/1/28,337.5
2015/1/29,337.5
2015/1/30,337.5
2015/1/31,315
2015/2/1,315
2015/2/2,315
2015/2/3,0
2015/2/4,0
2015/2/5,337.5
2015/2/6,337.5
2015/2/7,337.5
2015/2/8,337.5
2015/2/9,337.5
2015/2/10,157.5
2015/2/11,337.5
2015/2/12,337.5
2015/2/13,315
2015/2/14,315
2015/2/15,337.5
2015/2/16,337.5
2015/2/17,337.5
2015/2/18,337.5
2015/2/19,0
2015/2/20,45
2015/2/21,112.5
2015/2/22,22.5
2015/2/23,337.5
2015/2/24,45
2015/2/25,45
2015/2/26,337.5
2015/2/27,337.5
2015/2/28,157.5
2015/3/1,315
2015/3/2,337.5
2015/3/3,337.5
2015/3/4,337.5
2015/3/5,337.5
2015/3/6,45
2015/3/7,0
2015/3/8,337.5
2015/3/9,337.5
2015/3/10,315
2015/3/11,202.5
2015/3/12,202.5
2015/3/13,315
2015/3/14,45
2015/3/15,337.5
2015/3/16,315
2015/3/17,157.5
2015/3/18,67.5
2015/3/19,337.5
2015/3/20,90
2015/3/21,157.5
2015/3/22,157.5
2015/3/23,337.5
2015/3/24,315
2015/3/25,315
2015/3/26,337.5
2015/3/27,180
2015/3/28,180
2015/3/29,202.5
2015/3/30,180
2015/3/31,180
2015/4/1,45
2015/4/2,180
2015/4/3,180
2015/4/4,45
2015/4/5,337.5
2015/4/6,67.5
2015/4/7,45
2015/4/8,22.5
2015/4/9,22.5
2015/4/10,337.5
2015/4/11,337.5
2015/4/12,67.5
2015/4/13,337.5
2015/4/14,45
2015/4/15,202.5
2015/4/16,157.5
2015/4/17,67.5
2015/4/18,180
2015/4/19,292.5
2015/4/20,180
2015/4/21,67.5
2015/4/22,90
2015/4/23,157.5
2015/4/24,157.5
2015/4/25,90
2015/4/26,157.5
2015/4/27,157.5
2015/4/28,180
2015/4/29,180
2015/4/30,112.5
2015/5/1,180
2015/5/2,135
2015/5/3,157.5
2015/5/4,180
2015/5/5,157.5
2015/5/6,157.5
2015/5/7,202.5
2015/5/8,180
2015/5/9,157.5
2015/5/10,337.5
2015/5/11,180
2015/5/12,180
2015/5/13,202.5
2015/5/14,180
2015/5/15,157.5
2015/5/16,157.5
2015/5/17,180
2015/5/18,157.5
2015/5/19,315
2015/5/20,45
2015/5/21,337.5
2015/5/22,180
2015/5/23,157.5
2015/5/24,180
2015/5/25,67.5
2015/5/26,180
2015/5/27,135
2015/5/28,157.5
2015/5/29,0
2015/5/30,337.5
2015/5/31,337.5
2015/6/1,180
2015/6/2,157.5
2015/6/3,180
2015/6/4,337.5
2015/6/5,157.5
2015/6/6,337.5
2015/6/7,180
2015/6/8,157.5
2015/6/9,202.5
2015/6/10,157.5
2015/6/11,157.5
2015/6/12,0
2015/6/13,157.5
2015/6/14,157.5
2015/6/15,157.5
2015/6/16,157.5
2015/6/17,67.5
2015/6/18,135
2015/6/19,67.5
2015/6/20,157.5
2015/6/21,202.5
2015/6/22,180
2015/6/23,157.5
2015/6/24,180
2015/6/25,135
2015/6/26,157.5
2015/6/27,315
2015/6/28,67.5
2015/6/29,180
2015/6/30,180
2015/7/1,157.5
2015/7/2,180
2015/7/3,202.5
2015/7/4,180
2015/7/5,22.5
2015/7/6,67.5
2015/7/7,180
2015/7/8,180
2015/7/9,22.5
2015/7/10,157.5
2015/7/11,180
2015/7/12,180
2015/7/13,202.5
2015/7/14,180
2015/7/15,180
2015/7/16,157.5
2015/7/17,180
2015/7/18,180
2015/7/19,180
2015/7/20,157.5
2015/7/21,180
2015/7/22,202.5
2015/7/23,202.5
2015/7/24,157.5
2015/7/25,157.5
2015/7/26,157.5
2015/7/27,157.5
2015/7/28,157.5
2015/7/29,135
2015/7/30,180
2015/7/31,157.5
2015/8/1,180
2015/8/2,157.5
2015/8/3,180
2015/8/4,180
2015/8/5,180
2015/8/6,157.5
2015/8/7,337.5
2015/8/8,67.5
2015/8/9,45
2015/8/10,45
2015/8/11,67.5
2015/8/12,180
2015/8/13,157.5
2015/8/14,337.5
2015/8/15,157.5
2015/8/16,45
2015/8/17,180
2015/8/18,202.5
2015/8/19,135
2015/8/20,337.5
2015/8/21,202.5
2015/8/22,157.5
2015/8/23,45
2015/8/24,22.5
2015/8/25,67.5
2015/8/26,315
2015/8/27,315
2015/8/28,0
2015/8/29,337.5
2015/8/30,22.5
2015/8/31,22.5
2015/9/1,180
2015/9/2,180
2015/9/3,180
2015/9/4,180
2015/9/5,112.5
2015/9/6,180
2015/9/7,45
2015/9/8,0
2015/9/9,180
2015/9/10,315
2015/9/11,157.5
2015/9/12,180
2015/9/13,180
2015/9/14,67.5
2015/9/15,45
2015/9/16,45
2015/9/17,337.5
2015/9/18,337.5
2015/9/19,337.5
2015/9/20,337.5
2015/9/21,45
2015/9/22,157.5
2015/9/23,135
2015/9/24,0
2015/9/25,337.5
2015/9/26,337.5
2015/9/27,45
2015/9/28,157.5
2015/9/29,337.5
2015/9/30,315
2015/10/1,180
2015/10/2,315
2015/10/3,180
2015/10/4,67.5
2015/10/5,45
2015/10/6,0
2015/10/7,337.5
2015/10/8,315
2015/10/9,180
2015/10/10,180
2015/10/11,202.5
2015/10/12,315
2015/10/13,315
2015/10/14,337.5
2015/10/15,337.5
2015/10/16,337.5
2015/10/17,337.5
2015/10/18,22.5
2015/10/19,67.5
2015/10/20,315
2015/10/21,45
2015/10/22,67.5
2015/10/23,337.5
2015/10/24,180
2015/10/25,337.5
2015/10/26,180
2015/10/27,180
2015/10/28,315
2015/10/29,22.5
2015/10/30,315
2015/10/31,45
2015/11/1,0
2015/11/2,337.5
2015/11/3,337.5
2015/11/4,315
2015/11/5,337.5
2015/11/6,0
2015/11/7,67.5
2015/11/8,337.5
2015/11/9,315
2015/11/10,45
2015/11/11,0
2015/11/12,22.5
2015/11/13,0
2015/11/14,337.5
2015/11/15,292.5
2015/11/16,157.5
2015/11/17,337.5
2015/11/18,45
2015/11/19,67.5
2015/11/20,337.5
2015/11/21,315
2015/11/22,337.5
2015/11/23,337.5
2015/11/24,0
2015/11/25,22.5
2015/11/26,337.5
2015/11/27,315
2015/11/28,180
2015/11/29,337.5
2015/11/30,315
2015/12/1,337.5
2015/12/2,337.5
2015/12/3,315
2015/12/4,202.5
2015/12/5,202.5
2015/12/6,337.5
2015/12/7,67.5
2015/12/8,337.5
2015/12/9,315
2015/12/10,315
2015/12/11,315
2015/12/12,67.5
2015/12/13,337.5
2015/12/14,22.5
2015/12/15,337.5
2015/12/16,22.5
2015/12/17,315
2015/12/18,315
2015/12/19,315
2015/12/20,337.5
2015/12/21,337.5
2015/12/22,337.5
2015/12/23,337.5
2015/12/24,337.5
2015/12/25,337.5
2015/12/26,202.5
2015/12/27,337.5
2015/12/28,315
2015/12/29,315
2015/12/30,337.5
2015/12/31,337.5
2016/1/1,337.5
2016/1/2,315
2016/1/3,337.5
2016/1/4,292.5
2016/1/5,337.5
2016/1/6,22.5
2016/1/7,315
2016/1/8,22.5
2016/1/9,337.5
2016/1/10,315
2016/1/11,45
2016/1/12,22.5
2016/1/13,292.5
2016/1/14,292.5
2016/1/15,315
2016/1/16,315
2016/1/17,22.5
2016/1/18,337.5
2016/1/19,247.5
2016/1/20,315
2016/1/21,337.5
2016/1/22,315
2016/1/23,337.5
2016/1/24,315
2016/1/25,292.5
2016/1/26,337.5
2016/1/27,315
2016/1/28,292.5
2016/1/29,22.5
2016/1/30,337.5
2016/1/31,180
2016/2/1,0
2016/2/2,337.5
2016/2/3,22.5
2016/2/4,180
2016/2/5,337.5
2016/2/6,22.5
2016/2/7,337.5
2016/2/8,337.5
2016/2/9,315
2016/2/10,315
2016/2/11,337.5
2016/2/12,180
2016/2/13,180
2016/2/14,180
2016/2/15,337.5
2016/2/16,337.5
2016/2/17,337.5
2016/2/18,157.5
2016/2/19,315
2016/2/20,337.5
2016/2/21,337.5
2016/2/22,337.5
2016/2/23,0
2016/2/24,337.5
2016/2/25,45
2016/2/26,292.5
2016/2/27,315
2016/2/28,337.5
2016/2/29,337.5
2016/3/1,337.5
2016/3/2,315
2016/3/3,315
2016/3/4,135
2016/3/5,22.5
2016/3/6,180
2016/3/7,337.5
2016/3/8,157.5
2016/3/9,45
2016/3/10,67.5
2016/3/11,45
2016/3/12,45
2016/3/13,22.5
2016/3/14,0
2016/3/15,337.5
2016/3/16,315
2016/3/17,157.5
2016/3/18,180
2016/3/19,337.5
2016/3/20,337.5
2016/3/21,90
2016/3/22,180
2016/3/23,45
2016/3/24,22.5
2016/3/25,315
2016/3/26,157.5
2016/3/27,112.5
2016/3/28,337.5
2016/3/29,157.5
2016/3/30,202.5
2016/3/31,180
2016/4/1,45
2016/4/2,0
2016/4/3,180
2016/4/4,180
2016/4/5,67.5
2016/4/6,180
2016/4/7,337.5
2016/4/8,157.5
2016/4/9,180
2016/4/10,180
2016/4/11,337.5
2016/4/12,180
2016/4/13,180
2016/4/14,315
2016/4/15,337.5
2016/4/16,180
2016/4/17,202.5
2016/4/18,202.5
2016/4/19,45
2016/4/20,180
2016/4/21,180
2016/4/22,315
2016/4/23,202.5
2016/4/24,67.5
2016/4/25,157.5
2016/4/26,180
2016/4/27,67.5
2016/4/28,67.5
2016/4/29,315
2016/4/30,157.5
2016/5/1,67.5
2016/5/2,135
2016/5/3,180
2016/5/4,180
2016/5/5,202.5
2016/5/6,157.5
2016/5/7,202.5
2016/5/8,337.5
2016/5/9,157.5
2016/5/10,337.5
2016/5/11,202.5
2016/5/12,337.5
2016/5/13,157.5
2016/5/14,67.5
2016/5/15,45
2016/5/16,180
2016/5/17,180
2016/5/18,337.5
2016/5/19,45
2016/5/20,22.5
2016/5/21,337.5
2016/5/22,337.5
2016/5/23,180
2016/5/24,157.5
2016/5/25,180
2016/5/26,180
2016/5/27,67.5
2016/5/28,157.5
2016/5/29,180
2016/5/30,337.5
2016/5/31,157.5
2016/6/1,315
2016/6/2,315
2016/6/3,180
2016/6/4,202.5
2016/6/5,202.5
2016/6/6,67.5
2016/6/7,157.5
2016/6/8,157.5
2016/6/9,337.5
2016/6/10,157.5
2016/6/11,157.5
2016/6/12,157.5
2016/6/13,337.5
2016/6/14,157.5
2016/6/15,135
2016/6/16,180
2016/6/17,157.5
2016/6/18,180
2016/6/19,157.5
2016/6/20,157.5
2016/6/21,45
2016/6/22,157.5
2016/6/23,180
2016/6/24,157.5
2016/6/25,202.5
2016/6/26,157.5
2016/6/27,157.5
2016/6/28,22.5
2016/6/29,45
2016/6/30,157.5
2016/7/1,157.5
2016/7/2,157.5
2016/7/3,180
2016/7/4,157.5
2016/7/5,67.5
2016/7/6,157.5
2016/7/7,67.5
2016/7/8,157.5
2016/7/9,202.5
2016/7/10,157.5
2016/7/11,135
2016/7/12,157.5
2016/7/13,180
2016/7/14,135
2016/7/15,45
2016/7/16,202.5
2016/7/17,157.5
2016/7/18,135
2016/7/19,135
2016/7/20,135
2016/7/21,45
2016/7/22,67.5
2016/7/23,22.5
2016/7/24,67.5
2016/7/25,135
2016/7/26,157.5
2016/7/27,180
2016/7/28,157.5
2016/7/29,157.5
2016/7/30,157.5
2016/7/31,22.5
2016/8/1,0
2016/8/2,157.5
2016/8/3,180
2016/8/4,180
2016/8/5,180
2016/8/6,180
2016/8/7,45
2016/8/8,0
2016/8/9,315
2016/8/10,67.5
2016/8/11,90
2016/8/12,135
2016/8/13,135
2016/8/14,135
2016/8/15,157.5
2016/8/16,45
2016/8/17,180
2016/8/18,292.5
2016/8/19,22.5
2016/8/20,0
2016/8/21,157.5
2016/8/22,45
2016/8/23,180
2016/8/24,135
2016/8/25,157.5
2016/8/26,157.5
2016/8/27,45
2016/8/28,22.5
2016/8/29,22.5
2016/8/30,315
2016/8/31,180
2016/9/1,180
2016/9/2,67.5
2016/9/3,45
2016/9/4,180
2016/9/5,180
2016/9/6,180
2016/9/7,180
2016/9/8,157.5
2016/9/9,157.5
2016/9/10,135
2016/9/11,22.5
2016/9/12,90
2016/9/13,337.5
2016/9/14,337.5
2016/9/15,67.5
2016/9/16,45
2016/9/17,157.5
2016/9/18,180
2016/9/19,22.5
2016/9/20,337.5
2016/9/21,337.5
2016/9/22,337.5
2016/9/23,22.5
2016/9/24,22.5
2016/9/25,180
2016/9/26,292.5
2016/9/27,202.5
2016/9/28,202.5
2016/9/29,67.5
2016/9/30,67.5
2016/10/1,0
2016/10/2,157.5
2016/10/3,157.5
2016/10/4,202.5
2016/10/5,157.5
2016/10/6,315
2016/10/7,135
2016/10/8,180
2016/10/9,315
2016/10/10,45
2016/10/11,45
2016/10/12,0
2016/10/13,45
2016/10/14,0
2016/10/15,337.5
2016/10/16,337.5
2016/10/17,337.5
2016/10/18,45
2016/10/19,45
2016/10/20,315
2016/10/21,337.5
2016/10/22,337.5
2016/10/23,337.5
2016/10/24,180
2016/10/25,315
2016/10/26,22.5
2016/10/27,337.5
2016/10/28,337.5
2016/10/29,337.5
2016/10/30,45
2016/10/31,337.5
2016/11/1,315
2016/11/2,22.5
2016/11/3,337.5
2016/11/4,315
2016/11/5,337.5
2016/11/6,0
2016/11/7,45
2016/11/8,315
2016/11/9,337.5
2016/11/10,337.5
2016/11/11,337.5
2016/11/12,337.5
2016/11/13,315
2016/11/14,315
2016/11/15,315
2016/11/16,337.5
2016/11/17,337.5
2016/11/18,0
2016/11/19,315
2016/11/20,315
2016/11/21,22.5
2016/11/22,315
2016/11/23,337.5
2016/11/24,315
2016/11/25,337.5
2016/11/26,337.5
2016/11/27,337.5
2016/11/28,337.5
2016/11/29,337.5
2016/11/30,22.5
2016/12/1,337.5
2016/12/2,315
2016/12/3,315
2016/12/4,337.5
2016/12/5,315
2016/12/6,315
2016/12/7,337.5
2016/12/8,292.5
2016/12/9,202.5
2016/12/10,337.5
2016/12/11,337.5
2016/12/12,337.5
2016/12/13,315
2016/12/14,337.5
2016/12/15,337.5
2016/12/16,337.5
2016/12/17,202.5
2016/12/18,292.5
2016/12/19,315
2016/12/20,337.5
2016/12/21,315
2016/12/22,180
2016/12/23,315
2016/12/24,315
2016/12/25,315
2016/12/26,337.5
2016/12/27,202.5
2016/12/28,337.5
2016/12/29,337.5
2016/12/30,337.5
2016/12/31,337.5
2017/1/1,337.5
2017/1/2,315
2017/1/3,337.5
2017/1/4,337.5
2017/1/5,315
2017/1/6,337.5
2017/1/7,315
2017/1/8,337.5
2017/1/9,337.5
2017/1/10,337.5
2017/1/11,337.5
2017/1/12,315
2017/1/13,337.5
2017/1/14,337.5
2017/1/15,292.5
2017/1/16,315
2017/1/17,315
2017/1/18,0
2017/1/19,315
2017/1/20,337.5
2017/1/21,337.5
2017/1/22,315
2017/1/23,315
2017/1/24,315
2017/1/25,315
2017/1/26,292.5
2017/1/27,202.5
2017/1/28,337.5
2017/1/29,315
2017/1/30,337.5
2017/1/31,315
2017/2/1,315
2017/2/2,337.5
2017/2/3,315
2017/2/4,315
2017/2/5,315
2017/2/6,315
2017/2/7,315
2017/2/8,337.5
2017/2/9,315
2017/2/10,315
2017/2/11,315
2017/2/12,315
2017/2/13,337.5
2017/2/14,315
2017/2/15,315
2017/2/16,0
2017/2/17,202.5
2017/2/18,337.5
2017/2/19,315
2017/2/20,337.5
2017/2/21,315
2017/2/22,180
2017/2/23,202.5
2017/2/24,337.5
2017/2/25,135
2017/2/26,315
2017/2/27,45
2017/2/28,67.5
2017/3/1,0
2017/3/2,315
2017/3/3,315
2017/3/4,157.5
2017/3/5,337.5
2017/3/6,315
2017/3/7,337.5
2017/3/8,180
2017/3/9,157.5
2017/3/10,315
2017/3/11,337.5
2017/3/12,45
2017/3/13,0
2017/3/14,337.5
2017/3/15,22.5
2017/3/16,315
2017/3/17,337.5
2017/3/18,292.5
2017/3/19,337.5
2017/3/20,315
2017/3/21,337.5
2017/3/22,315
2017/3/23,0
2017/3/24,337.5
2017/3/25,337.5
2017/3/26,337.5
2017/3/27,337.5
2017/3/28,337.5
2017/3/29,157.5
2017/3/30,315
2017/3/31,337.5
2017/4/1,22.5
2017/4/2,0
2017/4/3,45
2017/4/4,157.5
2017/4/5,180
2017/4/6,180
2017/4/7,180
2017/4/8,22.5
2017/4/9,337.5
2017/4/10,157.5
2017/4/11,315
2017/4/12,315
2017/4/13,157.5
2017/4/14,157.5
2017/4/15,202.5
2017/4/16,157.5
2017/4/17,135
2017/4/18,180
2017/4/19,315
2017/4/20,157.5
2017/4/21,157.5
2017/4/22,315
2017/4/23,315
2017/4/24,157.5
2017/4/25,180
2017/4/26,180
2017/4/27,202.5
2017/4/28,135
2017/4/29,157.5
2017/4/30,180
2017/5/1,315
2017/5/2,0
2017/5/3,180
2017/5/4,180
2017/5/5,157.5
2017/5/6,180
2017/5/7,135
2017/5/8,157.5
2017/5/9,135
2017/5/10,157.5
2017/5/11,157.5
2017/5/12,135
2017/5/13,315
2017/5/14,45
2017/5/15,157.5
2017/5/16,135
2017/5/17,45
2017/5/18,157.5
2017/5/19,180
2017/5/20,157.5
2017/5/21,157.5
2017/5/22,157.5
2017/5/23,180
2017/5/24,180
2017/5/25,315
2017/5/26,90
2017/5/27,135
2017/5/28,180
2017/5/29,157.5
2017/5/30,157.5
2017/5/31,180
2017/6/1,157.5
2017/6/2,337.5
2017/6/3,315
2017/6/4,315
2017/6/5,135
2017/6/6,180
2017/6/7,180
2017/6/8,180
2017/6/9,157.5
2017/6/10,225
2017/6/11,135
2017/6/12,337.5
2017/6/13,22.5
2017/6/14,0
2017/6/15,180
2017/6/16,157.5
2017/6/17,45
2017/6/18,22.5
2017/6/19,337.5
2017/6/20,157.5
2017/6/21,180
2017/6/22,315
2017/6/23,157.5
2017/6/24,157.5
2017/6/25,180
2017/6/26,135
2017/6/27,135
2017/6/28,180
2017/6/29,180
2017/6/30,180
2017/7/1,292.5
2017/7/2,157.5
2017/7/3,135
2017/7/4,157.5
2017/7/5,157.5
2017/7/6,135
2017/7/7,180
2017/7/8,180
2017/7/9,157.5
2017/7/10,180
2017/7/11,337.5
2017/7/12,202.5
2017/7/13,180
2017/7/14,157.5
2017/7/15,157.5
2017/7/16,157.5
2017/7/17,337.5
2017/7/18,292.5
2017/7/19,157.5
2017/7/20,157.5
2017/7/21,157.5
2017/7/22,180
2017/7/23,180
2017/7/24,180
2017/7/25,180
2017/7/26,45
2017/7/27,337.5
2017/7/28,22.5
2017/7/29,90
2017/7/30,67.5
2017/7/31,180
2017/8/1,67.5
2017/8/2,45
2017/8/3,22.5
2017/8/4,157.5
2017/8/5,157.5
2017/8/6,157.5
2017/8/7,135
2017/8/8,157.5
2017/8/9,315
2017/8/10,67.5
2017/8/11,67.5
2017/8/12,67.5
2017/8/13,90
2017/8/14,90
2017/8/15,67.5
2017/8/16,337.5
2017/8/17,337.5
2017/8/18,292.5
2017/8/19,315
2017/8/20,22.5
2017/8/21,67.5
2017/8/22,202.5
2017/8/23,292.5
2017/8/24,157.5
2017/8/25,157.5
2017/8/26,112.5
2017/8/27,67.5
2017/8/28,0
2017/8/29,202.5
2017/8/30,67.5
2017/8/31,45
2017/9/1,45
2017/9/2,337.5
2017/9/3,180
2017/9/4,337.5
2017/9/5,337.5
2017/9/6,0
2017/9/7,22.5
2017/9/8,45
2017/9/9,180
2017/9/10,180
2017/9/11,157.5
2017/9/12,180
2017/9/13,135
2017/9/14,337.5
2017/9/15,337.5
2017/9/16,45
2017/9/17,337.5
2017/9/18,180
2017/9/19,157.5
2017/9/20,315
2017/9/21,315
2017/9/22,292.5
2017/9/23,45
2017/9/24,157.5
2017/9/25,180
2017/9/26,157.5
2017/9/27,180
2017/9/28,337.5
2017/9/29,135
2017/9/30,337.5
2017/10/1,157.5
2017/10/2,157.5
2017/10/3,315
2017/10/4,45
2017/10/5,90
2017/10/6,337.5
2017/10/7,315
2017/10/8,90
2017/10/9,180
2017/10/10,157.5
2017/10/11,67.5
2017/10/12,315
2017/10/13,22.5
2017/10/14,337.5
2017/10/15,22.5
2017/10/16,22.5
2017/10/17,337.5
2017/10/18,22.5
2017/10/19,337.5
2017/10/20,337.5
2017/10/21,337.5
2017/10/22,337.5
2017/10/23,315
2017/10/24,67.5
2017/10/25,337.5
2017/10/26,67.5
2017/10/27,45
2017/10/28,337.5
2017/10/29,337.5
2017/10/30,337.5
2017/10/31,337.5
2017/11/1,315
2017/11/2,337.5
2017/11/3,0
2017/11/4,315
2017/11/5,337.5
2017/11/6,315
2017/11/7,180
2017/11/8,337.5
2017/11/9,337.5
2017/11/10,337.5
2017/11/11,337.5
2017/11/12,337.5
2017/11/13,337.5
2017/11/14,315
2017/11/15,337.5
2017/11/16,337.5
2017/11/17,0
2017/11/18,337.5
2017/11/19,337.5
2017/11/20,337.5
2017/11/21,315
2017/11/22,337.5
2017/11/23,315
2017/11/24,45
2017/11/25,135
2017/11/26,315
2017/11/27,67.5
2017/11/28,315
2017/11/29,270
2017/11/30,0
2017/12/1,22.5
2017/12/2,45
2017/12/3,337.5
2017/12/4,337.5
2017/12/5,292.5
2017/12/6,337.5
2017/12/7,337.5
2017/12/8,315
2017/12/9,337.5
2017/12/10,0
2017/12/11,337.5
2017/12/12,225
2017/12/13,337.5
2017/12/14,315
2017/12/15,315
2017/12/16,292.5
2017/12/17,337.5
2017/12/18,315
2017/12/19,337.5
2017/12/20,0
2017/12/21,337.5
2017/12/22,315
2017/12/23,315
2017/12/24,315
2017/12/25,315
2017/12/26,315
2017/12/27,337.5
2017/12/28,337.5
2017/12/29,315
2017/12/30,315
2017/12/31,315
2018/1/1,337.5
2018/1/2,315
2018/1/3,315
2018/1/4,337.5
2018/1/5,0
2018/1/6,315
2018/1/7,315
2018/1/8,337.5
2018/1/9,180
2018/1/10,202.5
2018/1/11,315
2018/1/12,315
2018/1/13,337.5
2018/1/14,315
2018/1/15,337.5
2018/1/16,292.5
2018/1/17,337.5
2018/1/18,180
2018/1/19,337.5
2018/1/20,337.5
2018/1/21,0
2018/1/22,337.5
2018/1/23,202.5
2018/1/24,225
2018/1/25,315
2018/1/26,315
2018/1/27,315
2018/1/28,22.5
2018/1/29,315
2018/1/30,337.5
2018/1/31,337.5
2018/2/1,22.5
2018/2/2,337.5
2018/2/3,337.5
2018/2/4,337.5
2018/2/5,315
2018/2/6,315
2018/2/7,315
2018/2/8,337.5
2018/2/9,180
2018/2/10,202.5
2018/2/11,337.5
2018/2/12,315
2018/2/13,315
2018/2/14,292.5
2018/2/15,337.5
2018/2/16,337.5
2018/2/17,337.5
2018/2/18,337.5
2018/2/19,157.5
2018/2/20,337.5
2018/2/21,0
2018/2/22,45
2018/2/23,337.5
2018/2/24,337.5
2018/2/25,45
2018/2/26,67.5
2018/2/27,135
2018/2/28,315
2018/3/1,292.5
2018/3/2,315
2018/3/3,157.5
2018/3/4,180
2018/3/5,180
2018/3/6,45
2018/3/7,45
2018/3/8,337.5
2018/3/9,337.5
2018/3/10,337.5
2018/3/11,0
2018/3/12,315
2018/3/13,180
2018/3/14,157.5
2018/3/15,202.5
2018/3/16,202.5
2018/3/17,135
2018/3/18,180
2018/3/19,315
2018/3/20,45
2018/3/21,337.5
2018/3/22,292.5
2018/3/23,337.5
2018/3/24,135
2018/3/25,180
2018/3/26,315
2018/3/27,337.5
2018/3/28,157.5
2018/3/29,315
2018/3/30,135
2018/3/31,180
2018/4/1,180
2018/4/2,135
2018/4/3,157.5
2018/4/4,337.5
2018/4/5,135
2018/4/6,180
2018/4/7,337.5
2018/4/8,0
2018/4/9,315
2018/4/10,135
2018/4/11,180
2018/4/12,337.5
2018/4/13,315
2018/4/14,180
2018/4/15,202.5
2018/4/16,337.5
2018/4/17,337.5
2018/4/18,0
2018/4/19,180
2018/4/20,315
2018/4/21,180
2018/4/22,157.5
2018/4/23,90
2018/4/24,180
2018/4/25,180
2018/4/26,337.5
2018/4/27,180
2018/4/28,180
2018/4/29,180
2018/4/30,180
2018/5/1,157.5
2018/5/2,180
2018/5/3,180
2018/5/4,45
2018/5/5,180
2018/5/6,180
2018/5/7,202.5
2018/5/8,22.5
2018/5/9,0
2018/5/10,337.5
2018/5/11,180
2018/5/12,157.5
2018/5/13,202.5
2018/5/14,22.5
2018/5/15,180
2018/5/16,202.5
2018/5/17,180
2018/5/18,157.5
2018/5/19,180
2018/5/20,45
2018/5/21,180
2018/5/22,157.5
2018/5/23,135
2018/5/24,180
2018/5/25,180
2018/5/26,67.5
2018/5/27,67.5
2018/5/28,180
2018/5/29,180
2018/5/30,180
2018/5/31,202.5
2018/6/1,337.5
2018/6/2,180
2018/6/3,157.5
2018/6/4,157.5
2018/6/5,180
2018/6/6,225
2018/6/7,180
2018/6/8,180
2018/6/9,135
2018/6/10,45
2018/6/11,337.5
2018/6/12,22.5
2018/6/13,45
2018/6/14,112.5
2018/6/15,22.5
2018/6/16,22.5
2018/6/17,180
2018/6/18,315
2018/6/19,337.5
2018/6/20,135
2018/6/21,157.5
2018/6/22,157.5
2018/6/23,45
2018/6/24,180
2018/6/25,157.5
2018/6/26,135
2018/6/27,202.5
2018/6/28,202.5
2018/6/29,180
2018/6/30,180
2018/7/1,180
2018/7/2,180
2018/7/3,180
2018/7/4,180
2018/7/5,180
2018/7/6,67.5
2018/7/7,180
2018/7/8,180
2018/7/9,157.5
2018/7/10,157.5
2018/7/11,180
2018/7/12,45
2018/7/13,180
2018/7/14,135
2018/7/15,157.5
2018/7/16,157.5
2018/7/17,157.5
2018/7/18,157.5
2018/7/19,157.5
2018/7/20,180
2018/7/21,180
2018/7/22,157.5
2018/7/23,135
2018/7/24,157.5
2018/7/25,135
2018/7/26,67.5
2018/7/27,45
2018/7/28,337.5
2018/7/29,135
2018/7/30,112.5
2018/7/31,157.5
2018/8/1,157.5
2018/8/2,157.5
2018/8/3,112.5
2018/8/4,157.5
2018/8/5,157.5
2018/8/6,67.5
2018/8/7,337.5
2018/8/8,337.5
2018/8/9,180
2018/8/10,180
2018/8/11,157.5
2018/8/12,157.5
2018/8/13,292.5
2018/8/14,180
2018/8/15,180
2018/8/16,202.5
2018/8/17,315
2018/8/18,157.5
2018/8/19,157.5
2018/8/20,337.5
2018/8/21,180
2018/8/22,180
2018/8/23,157.5
2018/8/24,180
2018/8/25,202.5
2018/8/26,180
2018/8/27,157.5
2018/8/28,22.5
2018/8/29,135
2018/8/30,180
2018/8/31,180
2018/9/1,67.5
2018/9/2,0
2018/9/3,22.5
2018/9/4,180
2018/9/5,202.5
2018/9/6,202.5
2018/9/7,202.5
2018/9/8,180
2018/9/9,180
2018/9/10,180
2018/9/11,45
2018/9/12,45
2018/9/13,337.5
2018/9/14,180
2018/9/15,67.5
2018/9/16,157.5
2018/9/17,157.5
2018/9/18,135
2018/9/19,22.5
2018/9/20,337.5
2018/9/21,337.5
2018/9/22,315
2018/9/23,135
2018/9/24,67.5
2018/9/25,45
2018/9/26,337.5
2018/9/27,337.5
2018/9/28,157.5
2018/9/29,337.5
2018/9/30,157.5
2018/10/1,202.5
2018/10/2,157.5
2018/10/3,337.5
2018/10/4,22.5
2018/10/5,337.5
2018/10/6,180
2018/10/7,202.5
2018/10/8,67.5
2018/10/9,0
2018/10/10,90
2018/10/11,337.5
2018/10/12,337.5
2018/10/13,22.5
2018/10/14,315
2018/10/15,22.5
2018/10/16,337.5
2018/10/17,22.5
2018/10/18,0
2018/10/19,337.5
2018/10/20,337.5
2018/10/21,337.5
2018/10/22,337.5
2018/10/23,315
2018/10/24,0
2018/10/25,45
2018/10/26,157.5
2018/10/27,202.5
2018/10/28,315
2018/10/29,157.5
2018/10/30,315
2018/10/31,315
2018/11/1,315
2018/11/2,337.5
2018/11/3,337.5
2018/11/4,315
2018/11/5,315
2018/11/6,337.5
2018/11/7,22.5
2018/11/8,337.5
2018/11/9,315
2018/11/10,315
2018/11/11,157.5
2018/11/12,315
2018/11/13,22.5
2018/11/14,0
2018/11/15,337.5
2018/11/16,315
2018/11/17,22.5
2018/11/18,45
2018/11/19,0
2018/11/20,45
2018/11/21,315
2018/11/22,337.5
2018/11/23,337.5
2018/11/24,22.5
2018/11/25,337.5
2018/11/26,67.5
2018/11/27,337.5
2018/11/28,337.5
2018/11/29,45
2018/11/30,337.5
2018/12/1,337.5
2018/12/2,337.5
2018/12/3,337.5
2018/12/4,180
2018/12/5,337.5
2018/12/6,337.5
2018/12/7,315
2018/12/8,337.5
2018/12/9,337.5
2018/12/10,337.5
2018/12/11,337.5
2018/12/12,337.5
2018/12/13,337.5
2018/12/14,337.5
2018/12/15,337.5
2018/12/16,315
2018/12/17,315
2018/12/18,315
2018/12/19,315
2018/12/20,45
2018/12/21,337.5
2018/12/22,337.5
2018/12/23,315
2018/12/24,337.5
2018/12/25,337.5
2018/12/26,337.5
2018/12/27,315
2018/12/28,315
2018/12/29,315
2018/12/30,337.5
2018/12/31,315
2019/1/1,315
2019/1/2,337.5
2019/1/3,315
2019/1/4,22.5
2019/1/5,337.5
2019/1/6,337.5
2019/1/7,315
2019/1/8,315
2019/1/9,315
2019/1/10,337.5
2019/1/11,337.5
2019/1/12,337.5
2019/1/13,22.5
2019/1/14,22.5
2019/1/15,315
2019/1/16,337.5
2019/1/17,337.5
2019/1/18,337.5
2019/1/19,315
2019/1/20,315
2019/1/21,315
2019/1/22,337.5
2019/1/23,202.5
2019/1/24,337.5
2019/1/25,337.5
2019/1/26,315
2019/1/27,315
2019/1/28,202.5
2019/1/29,315
2019/1/30,337.5
2019/1/31,337.5
2019/2/1,315
2019/2/2,292.5
2019/2/3,337.5
2019/2/4,337.5
2019/2/5,337.5
2019/2/6,337.5
2019/2/7,180
2019/2/8,337.5
2019/2/9,337.5
2019/2/10,337.5
2019/2/11,315
2019/2/12,337.5
2019/2/13,337.5
2019/2/14,337.5
2019/2/15,337.5
2019/2/16,337.5
2019/2/17,315
2019/2/18,315
2019/2/19,315
2019/2/20,0
2019/2/21,337.5
2019/2/22,337.5
2019/2/23,337.5
2019/2/24,180
2019/2/25,0
2019/2/26,22.5
2019/2/27,315
2019/2/28,337.5
2019/3/1,22.5
2019/3/2,337.5
2019/3/3,337.5
2019/3/4,337.5
2019/3/5,22.5
2019/3/6,337.5
2019/3/7,337.5
2019/3/8,315
2019/3/9,202.5
2019/3/10,67.5
2019/3/11,337.5
2019/3/12,157.5
2019/3/13,315
2019/3/14,315
2019/3/15,157.5
2019/3/16,315
2019/3/17,337.5
2019/3/18,157.5
2019/3/19,292.5
2019/3/20,337.5
2019/3/21,180
2019/3/22,337.5
2019/3/23,337.5
2019/3/24,337.5
2019/3/25,337.5
2019/3/26,315
2019/3/27,180
2019/3/28,337.5
2019/3/29,67.5
2019/3/30,337.5
2019/3/31,22.5
2019/4/1,337.5
2019/4/2,337.5
2019/4/3,315
2019/4/4,157.5
2019/4/5,202.5
2019/4/6,157.5
2019/4/7,0
2019/4/8,67.5
2019/4/9,337.5
2019/4/10,337.5
2019/4/11,337.5
2019/4/12,67.5
2019/4/13,315
2019/4/14,180
2019/4/15,315
2019/4/16,157.5
2019/4/17,157.5
2019/4/18,157.5
2019/4/19,157.5
2019/4/20,157.5
2019/4/21,157.5
2019/4/22,112.5
2019/4/23,157.5
2019/4/24,180
2019/4/25,180
2019/4/26,67.5
2019/4/27,315
2019/4/28,157.5
2019/4/29,180
2019/4/30,135
2019/5/1,337.5
2019/5/2,315
2019/5/3,180
2019/5/4,0
2019/5/5,157.5
2019/5/6,180
2019/5/7,315
2019/5/8,180
2019/5/9,202.5
2019/5/10,337.5
2019/5/11,180
2019/5/12,67.5
2019/5/13,135
2019/5/14,180
2019/5/15,157.5
2019/5/16,135
2019/5/17,135
2019/5/18,135
2019/5/19,157.5
2019/5/20,157.5
2019/5/21,157.5
2019/5/22,67.5
2019/5/23,157.5
2019/5/24,202.5
2019/5/25,180
2019/5/26,157.5
2019/5/27,157.5
2019/5/28,180
2019/5/29,180
2019/5/30,180
2019/5/31,180
2019/6/1,180
2019/6/2,157.5
2019/6/3,135
2019/6/4,180
2019/6/5,180
2019/6/6,135
2019/6/7,157.5
2019/6/8,112.5
2019/6/9,67.5
2019/6/10,0
2019/6/11,337.5
2019/6/12,135
2019/6/13,180
2019/6/14,157.5
2019/6/15,337.5
2019/6/16,315
2019/6/17,315
2019/6/18,157.5
2019/6/19,157.5
2019/6/20,45
2019/6/21,157.5
2019/6/22,135
2019/6/23,67.5
2019/6/24,22.5
2019/6/25,157.5
2019/6/26,180
2019/6/27,202.5
2019/6/28,157.5
2019/6/29,0
2019/6/30,0
2019/7/1,22.5
2019/7/2,157.5
2019/7/3,157.5
2019/7/4,180
2019/7/5,67.5
2019/7/6,22.5
2019/7/7,337.5
2019/7/8,67.5
2019/7/9,45
2019/7/10,45
2019/7/11,157.5
2019/7/12,337.5
2019/7/13,180
2019/7/14,45
2019/7/15,45
2019/7/16,22.5
2019/7/17,157.5
2019/7/18,180
2019/7/19,180
2019/7/20,157.5
2019/7/21,67.5
2019/7/22,45
2019/7/23,22.5
2019/7/24,157.5
2019/7/25,157.5
2019/7/26,180
2019/7/27,157.5
2019/7/28,157.5
2019/7/29,157.5
2019/7/30,157.5
2019/7/31,157.5
2019/8/1,180
2019/8/2,180
2019/8/3,157.5
2019/8/4,157.5
2019/8/5,157.5
2019/8/6,180
2019/8/7,157.5
2019/8/8,157.5
2019/8/9,157.5
2019/8/10,180
2019/8/11,135
2019/8/12,135
2019/8/13,135
2019/8/14,157.5
2019/8/15,157.5
2019/8/16,180
2019/8/17,157.5
2019/8/18,67.5
2019/8/19,67.5
2019/8/20,90
2019/8/21,135
2019/8/22,22.5
2019/8/23,180
2019/8/24,180
2019/8/25,157.5
2019/8/26,135
2019/8/27,45
2019/8/28,202.5
2019/8/29,202.5
2019/8/30,202.5
2019/8/31,157.5
2019/9/1,135
2019/9/2,157.5
2019/9/3,45
2019/9/4,45
2019/9/5,22.5
2019/9/6,157.5
2019/9/7,157.5
2019/9/8,135
2019/9/9,292.5
2019/9/10,337.5
2019/9/11,315
2019/9/12,67.5
2019/9/13,45
2019/9/14,337.5
2019/9/15,22.5
2019/9/16,337.5
2019/9/17,67.5
2019/9/18,22.5
2019/9/19,22.5
2019/9/20,45
2019/9/21,22.5
2019/9/22,337.5
2019/9/23,180
2019/9/24,45
2019/9/25,45
2019/9/26,45
2019/9/27,157.5
2019/9/28,180
2019/9/29,157.5
2019/9/30,22.5
2019/10/1,135
2019/10/2,157.5
2019/10/3,180
2019/10/4,157.5
2019/10/5,315
2019/10/6,45
2019/10/7,337.5
2019/10/8,202.5
2019/10/9,337.5
2019/10/10,337.5
2019/10/11,337.5
2019/10/12,45
2019/10/13,337.5
2019/10/14,337.5
2019/10/15,67.5
2019/10/16,45
2019/10/17,0
2019/10/18,22.5
2019/10/19,315
2019/10/20,67.5
2019/10/21,22.5
2019/10/22,337.5
2019/10/23,292.5
2019/10/24,22.5
2019/10/25,337.5
2019/10/26,202.5
2019/10/27,0
2019/10/28,337.5
2019/10/29,337.5
2019/10/30,292.5
2019/10/31,180
2019/11/1,315
2019/11/2,337.5
2019/11/3,22.5
2019/11/4,22.5
2019/11/5,292.5
2019/11/6,315
2019/11/7,337.5
2019/11/8,337.5
2019/11/9,45
2019/11/10,0
2019/11/11,292.5
2019/11/12,315
2019/11/13,337.5
2019/11/14,337.5
2019/11/15,315
2019/11/16,292.5
2019/11/17,315
2019/11/18,180
2019/11/19,337.5
2019/11/20,337.5
2019/11/21,337.5
2019/11/22,337.5
2019/11/23,337.5
2019/11/24,337.5
2019/11/25,45
2019/11/26,22.5
2019/11/27,337.5
2019/11/28,22.5
2019/11/29,22.5
2019/11/30,315
2019/12/1,315
2019/12/2,337.5
2019/12/3,337.5
2019/12/4,337.5
2019/12/5,315
2019/12/6,0
2019/12/7,315
2019/12/8,22.5
2019/12/9,315
2019/12/10,315
2019/12/11,315
2019/12/12,337.5
2019/12/13,337.5
2019/12/14,337.5
2019/12/15,315
2019/12/16,337.5
2019/12/17,315
2019/12/18,337.5
2019/12/19,22.5
2019/12/20,315
2019/12/21,337.5
2019/12/22,0
2019/12/23,315
2019/12/24,337.5
2019/12/25,315
2019/12/26,315
2019/12/27,315
2019/12/28,337.5
2019/12/29,22.5
2019/12/30,315
2019/12/31,337.5
2020/1/1,337.5
2020/1/2,0
2020/1/3,315
2020/1/4,337.5
2020/1/5,315
2020/1/6,315
2020/1/7,22.5
2020/1/8,315
2020/1/9,315
2020/1/10,337.5
2020/1/11,337.5
2020/1/12,337.5
2020/1/13,337.5
2020/1/14,337.5
2020/1/15,315
2020/1/16,337.5
2020/1/17,315
2020/1/18,0
2020/1/19,22.5
2020/1/20,315
2020/1/21,337.5
2020/1/22,315
2020/1/23,315
2020/1/24,315
2020/1/25,337.5
2020/1/26,315
2020/1/27,0
2020/1/28,337.5
2020/1/29,337.5
2020/1/30,315
2020/1/31,315
2020/2/1,315
2020/2/2,315
2020/2/3,315
2020/2/4,135
2020/2/5,337.5
2020/2/6,337.5
2020/2/7,337.5
2020/2/8,0
2020/2/9,337.5
2020/2/10,337.5
2020/2/11,315
2020/2/12,315
2020/2/13,22.5
2020/2/14,157.5
2020/2/15,22.5
2020/2/16,315
2020/2/17,22.5
2020/2/18,315
2020/2/19,315
2020/2/20,337.5
2020/2/21,157.5
2020/2/22,202.5
2020/2/23,337.5
2020/2/24,315
2020/2/25,315
2020/2/26,0
2020/2/27,337.5
2020/2/28,180
2020/2/29,67.5
2020/3/1,337.5
2020/3/2,337.5
2020/3/3,315
2020/3/4,337.5
2020/3/5,292.5
2020/3/6,315
2020/3/7,45
2020/3/8,337.5
2020/3/9,337.5
2020/3/10,180
2020/3/11,315
2020/3/12,135
2020/3/13,292.5
2020/3/14,45
2020/3/15,292.5
2020/3/16,315
2020/3/17,157.5
2020/3/18,292.5
2020/3/19,180
2020/3/20,337.5
2020/3/21,157.5
2020/3/22,180
2020/3/23,135
2020/3/24,315
2020/3/25,315
2020/3/26,292.5
2020/3/27,180
2020/3/28,180
2020/3/29,337.5
2020/3/30,337.5
2020/3/31,337.5
2020/4/1,337.5
2020/4/2,315
2020/4/3,157.5
2020/4/4,202.5
2020/4/5,45
2020/4/6,315
2020/4/7,135
2020/4/8,157.5
2020/4/9,0
2020/4/10,315
2020/4/11,135
2020/4/12,337.5
2020/4/13,337.5
2020/4/14,315
2020/4/15,180
2020/4/16,45
2020/4/17,45
2020/4/18,135
2020/4/19,67.5
2020/4/20,337.5
2020/4/21,157.5
2020/4/22,45
2020/4/23,292.5
2020/4/24,337.5
2020/4/25,157.5
2020/4/26,180
2020/4/27,45
2020/4/28,157.5
2020/4/29,157.5
2020/4/30,180
2020/5/1,180
2020/5/2,157.5
2020/5/3,180
2020/5/4,180
2020/5/5,45
2020/5/6,0
2020/5/7,337.5
2020/5/8,180
2020/5/9,180
2020/5/10,180
2020/5/11,135
2020/5/12,0
2020/5/13,202.5
2020/5/14,180
2020/5/15,180
2020/5/16,180
2020/5/17,157.5
2020/5/18,45
2020/5/19,315
2020/5/20,22.5
2020/5/21,337.5
2020/5/22,337.5
2020/5/23,157.5
2020/5/24,157.5
2020/5/25,157.5
2020/5/26,157.5
2020/5/27,337.5
2020/5/28,157.5
2020/5/29,180
2020/5/30,180
2020/5/31,180
2020/6/1,135
2020/6/2,157.5
2020/6/3,157.5
2020/6/4,157.5
2020/6/5,180
2020/6/6,90
2020/6/7,90
2020/6/8,180
2020/6/9,180
2020/6/10,180
2020/6/11,180
2020/6/12,180
2020/6/13,45
2020/6/14,180
2020/6/15,157.5
2020/6/16,180
2020/6/17,135
2020/6/18,202.5
2020/6/19,337.5
2020/6/20,157.5
2020/6/21,135
2020/6/22,337.5
2020/6/23,135
2020/6/24,45
2020/6/25,135
2020/6/26,0
2020/6/27,157.5
2020/6/28,157.5
2020/6/29,157.5
2020/6/30,180
2020/7/1,180
2020/7/2,180
2020/7/3,90
2020/7/4,180
2020/7/5,180
2020/7/6,180
2020/7/7,180
2020/7/8,180
2020/7/9,180
2020/7/10,180
2020/7/11,180
2020/7/12,90
2020/7/13,157.5
2020/7/14,180
2020/7/15,45
2020/7/16,45
2020/7/17,45
2020/7/18,22.5
2020/7/19,157.5
2020/7/20,135
2020/7/21,180
2020/7/22,180
2020/7/23,292.5
2020/7/24,180
2020/7/25,180
2020/7/26,180
2020/7/27,202.5
2020/7/28,202.5
2020/7/29,45
2020/7/30,67.5
2020/7/31,157.5
2020/8/1,45
2020/8/2,157.5
2020/8/3,157.5
2020/8/4,157.5
2020/8/5,180
2020/8/6,157.5
2020/8/7,180
2020/8/8,135
2020/8/9,157.5
2020/8/10,135
2020/8/11,180
2020/8/12,157.5
2020/8/13,0
2020/8/14,135
2020/8/15,157.5
2020/8/16,90
2020/8/17,157.5
2020/8/18,135
2020/8/19,180
2020/8/20,180
2020/8/21,180
2020/8/22,135
2020/8/23,0
2020/8/24,45
2020/8/25,157.5
2020/8/26,157.5
2020/8/27,135
2020/8/28,135
2020/8/29,180
2020/8/30,180
2020/8/31,67.5
2020/9/1,337.5
2020/9/2,337.5
2020/9/3,180
2020/9/4,202.5
2020/9/5,45
2020/9/6,45
2020/9/7,157.5
2020/9/8,180
2020/9/9,180
2020/9/10,180
2020/9/11,157.5
2020/9/12,22.5
2020/9/13,67.5
2020/9/14,90
2020/9/15,67.5
2020/9/16,45
2020/9/17,180
2020/9/18,202.5
2020/9/19,45
2020/9/20,337.5
2020/9/21,67.5
2020/9/22,0
2020/9/23,0
2020/9/24,337.5
2020/9/25,315
2020/9/26,22.5
2020/9/27,45
2020/9/28,337.5
2020/9/29,22.5
2020/9/30,67.5
2020/10/1,67.5
2020/10/2,135
2020/10/3,157.5
2020/10/4,180
2020/10/5,337.5
2020/10/6,337.5
2020/10/7,22.5
2020/10/8,337.5
2020/10/9,337.5
2020/10/10,337.5
2020/10/11,337.5
2020/10/12,337.5
2020/10/13,67.5
2020/10/14,22.5
2020/10/15,45
2020/10/16,22.5
2020/10/17,337.5
2020/10/18,337.5
2020/10/19,315
2020/10/20,337.5
2020/10/21,22.5
2020/10/22,337.5
2020/10/23,337.5
2020/10/24,315
2020/10/25,315
2020/10/26,135
2020/10/27,337.5
2020/10/28,180
2020/10/29,337.5
2020/10/30,337.5
2020/10/31,337.5
2020/11/1,315
2020/11/2,315
2020/11/3,315
2020/11/4,315
2020/11/5,337.5
2020/11/6,337.5
2020/11/7,337.5
2020/11/8,315
2020/11/9,337.5
2020/11/10,337.5
2020/11/11,337.5
2020/11/12,0
2020/11/13,337.5
2020/11/14,337.5
2020/11/15,180
2020/11/16,337.5
2020/11/17,135
2020/11/18,315
2020/11/19,180
2020/11/20,180
2020/11/21,337.5
2020/11/22,180
2020/11/23,337.5
2020/11/24,337.5
2020/11/25,315
2020/11/26,337.5
2020/11/27,45
2020/11/28,337.5
2020/11/29,67.5
2020/11/30,315
2020/12/1,0
2020/12/2,337.5
2020/12/3,315
2020/12/4,0
2020/12/5,315
2020/12/6,0
2020/12/7,337.5
2020/12/8,315
2020/12/9,22.5
2020/12/10,315
2020/12/11,315
2020/12/12,315
2020/12/13,90
2020/12/14,315
2020/12/15,315
2020/12/16,0
2020/12/17,315
2020/12/18,180
2020/12/19,337.5
2020/12/20,337.5
2020/12/21,315
2020/12/22,315
2020/12/23,157.5
2020/12/24,315
2020/12/25,337.5
2020/12/26,337.5
2020/12/27,337.5
2020/12/28,337.5
2020/12/29,22.5
2020/12/30,337.5
2020/12/31,315
